0,0.1,0,0.25,0,0.01672,0.66213,0,0,0,0,0.01672,-0.66213
0.1,0.1,0,0.25,1,0.01672,0.66213,0.01,0,0,0.2,0.02286,-0.66213
0.19234,0.1,0.27772,0.25,1,0.02446,0.65499,0.01923,0,0.02137,0.29234,0.03617,-0.63363
0.27647,0.1,0.33097,0.25,1,0.03844,0.63195,0.02765,0,0.0366,0.37647,0.05477,-0.59535
0.35416,0.1,0.34599,0.25,1,0.05726,0.59539,0.03542,0,0.04901,0.45416,0.07713,-0.54638
0.42908,0.1,0.33386,0.25,1,0.07935,0.54617,0.04291,0,0.0573,0.52908,0.10164,-0.48887
0.50496,0.1,0.30316,0.25,1,0.10326,0.48549,0.0505,0,0.06123,0.60496,0.12682,-0.42426
0.58476,0.1,0.25913,0.25,1,0.12769,0.41441,0.05848,0,0.06061,0.68476,0.15123,-0.3538
0.67037,0.1,0.20535,0.25,1,0.15129,0.33405,0.06704,0,0.05506,0.77037,0.17327,-0.27898
0.75904,0.1,0.1452,0.25,0.96744,0.1725,0.24617,0.0759,0,0.04409,0.85579,0.191,-0.20208
0.84154,0.1,0.08262,0.25,0.85379,0.17459,0.11854,0.08415,0,0.02781,0.92692,0.18454,-0.09073
0.91745,0.1,0.02038,0.25,0.761,0.18264,0.04488,0.09175,0,0.00748,0.99355,0.18675,-0.0374
0.98445,0.1,-0.02137,0.25,0.6722,0.18414,-0.01953,0.09844,0,-0.00841,1.05167,0.18222,0.01112
1,0.1,-0.05806,0.25,0.59338,0.17904,-0.07407,0.1,0,-0.02322,1.05934,0.17164,0.05085
1,0.1,-0.08519,0.25,0.58043,0.16063,-0.12104,0.1,0,-0.03408,1.05804,0.14855,0.08697
1,0.1,-0.09617,0.25,0.58299,0.14577,-0.13794,0.1,0,-0.03847,1.0583,0.13202,0.09948
1,0.1,-0.10579,0.25,0.58047,0.12949,-0.1479,0.1,0,-0.04232,1.05805,0.11475,0.10558
1,0.1,-0.11025,0.25,0.57868,0.12586,-0.14875,0.1,0,-0.0441,1.05787,0.11104,0.10465
1,0.1,-0.09687,0.25,0.57726,0.10471,-0.14407,0.1,0,-0.03875,1.05773,0.09035,0.10532
1,0.1,-0.09684,0.25,0.57653,0.08084,-0.13781,0.1,0,-0.03873,1.05765,0.0671,0.09908
1,0.1,-0.08975,0.25,0.57671,0.05299,-0.12526,0.1,0,-0.0359,1.05767,0.0405,0.08936
1,0.1,-0.07755,0.25,0.57739,0.03131,-0.10989,0.1,0,-0.03102,1.05774,0.02035,0.07887
1,0.1,-0.06768,0.25,0.57756,0.0091,-0.09578,0.1,0,-0.02707,1.05776,-0.00047,0.06871
1,0.1,-0.05803,0.25,0.57784,-0.00594,-0.08325,0.1,0,-0.02321,1.05778,-0.01425,0.06004
1,0.1,-0.05009,0.25,0.57795,-0.02146,-0.06784,0.1,0,-0.02003,1.0578,-0.02823,0.04781
1,0.1,-0.03878,0.25,0.57802,-0.03207,-0.05009,0.1,0,-0.01551,1.0578,-0.03708,0.03458
1,0.1,-0.02874,0.25,0.57806,-0.04884,-0.03364,0.1,0,-0.0115,1.05781,-0.0522,0.02214
1,0.1,-0.0266,0.25,0.57837,-0.04975,-0.0187,0.1,0,-0.01064,1.05784,-0.05162,0.00806
1,0.1,-0.0153,0.25,0.5783,-0.05047,-0.00329,0.1,0,-0.00612,1.05783,-0.0508,-0.00283
1,0.1,-0.00737,0.25,0.57829,-0.04583,0.00792,0.1,0,-0.00295,1.05783,-0.04503,-0.01087
1,0.1,-0.00039,0.25,0.57813,-0.04075,0.01607,0.1,0,-0.00016,1.05781,-0.03915,-0.01623
1,0.1,0.00359,0.25,0.57807,-0.03522,0.02131,0.1,0,0.00144,1.05781,-0.03309,-0.01987
1,0.1,0.00672,0.25,0.57798,-0.03553,0.01777,0.1,0,0.00269,1.0578,-0.03375,-0.01509
1,0.1,-0.00196,0.25,0.578,-0.03159,0.01951,0.1,0,-0.00078,1.0578,-0.02964,-0.0203
1,0.1,0.00281,0.25,0.57791,-0.02706,0.02024,0.1,0,0.00113,1.05779,-0.02504,-0.01911
1,0.1,0.00321,0.25,0.57783,-0.02803,0.01606,0.1,0,0.00129,1.05778,-0.02643,-0.01477
1,0.1,-0.00287,0.25,0.57784,-0.02563,0.0151,0.1,0,-0.00115,1.05778,-0.02412,-0.01624
1,0.1,-0.00021,0.25,0.57776,-0.02337,0.01252,0.1,0,-8E-05,1.05778,-0.02212,-0.0126
1,0.1,-0.00139,0.25,0.57765,-0.02311,0.0092,0.1,0,-0.00056,1.05777,-0.02219,-0.00975
1,0.1,-0.00219,0.25,0.57745,-0.01697,-0.00153,0.1,0,-0.00088,1.05775,-0.01712,0.00066
1,0.1,-0.00854,0.25,0.57663,-0.01184,-0.01037,0.1,0,-0.00342,1.05766,-0.01287,0.00695
1,0.1,-0.01071,0.25,0.57573,-0.00827,-0.01835,0.1,0,-0.00428,1.05757,-0.01011,0.01407
1,0.1,-0.0132,0.25,0.57456,-0.00349,-0.02694,0.1,0,-0.00528,1.05746,-0.00618,0.02166
1,0.1,-0.01486,0.25,0.5734,0.0022,-0.03822,0.1,0,-0.00594,1.05734,-0.00162,0.03228
1,0.1,-0.0181,0.25,0.57225,0.01337,-0.05272,0.1,0,-0.00724,1.05723,0.0081,0.04548
1,0.1,-0.02042,0.25,0.57127,0.00498,-0.01832,0.1,0,-0.00817,1.05713,0.00315,0.01016
1,0.1,0.01604,0.25,0.57269,0.01105,-0.02682,0.1,0,0.00641,1.05727,0.00837,0.03323
1,0.1,0.00391,0.25,0.57186,0.0136,-0.05515,0.1,0,0.00157,1.05719,0.00809,0.05672
1,0.1,-0.01277,0.25,0.57164,0.01225,-0.07295,0.1,0,-0.00511,1.05716,0.00496,0.06785
1,0.1,-0.00659,0.25,0.57233,0.00683,-0.02503,0.1,0,-0.00263,1.05723,0.00433,0.0224
1,0.1,0.03732,0.25,0.57244,0.00376,-0.03949,0.1,0,0.01493,1.05724,-0.00019,0.05442
1,0.1,0.02204,0.25,0.57313,0.00613,-0.07317,0.1,0,0.00882,1.05731,-0.00118,0.08198
1,0.1,0.01813,0.25,0.5742,0.00504,-0.09947,0.1,0,0.00725,1.05742,-0.00489,0.10672
1,0.1,0.02214,0.25,0.57609,0.00018,-0.05089,0.1,0,0.00886,1.05761,-0.00491,0.05975
1,0.1,0.05862,0.25,0.57452,-0.00185,-0.05908,0.1,0,0.02345,1.05745,-0.00775,0.08253
1,0.1,0.06074,0.25,0.57616,-0.00595,-0.09072,0.1,0,0.0243,1.05762,-0.01501,0.11502
1,0.1,0.0657,0.25,0.5785,-0.00726,-0.12335,0.1,0,0.02628,1.05785,-0.01956,0.14963
1,0.1,0.07234,0.25,0.58086,0.00055,-0.05946,0.1,0,0.02894,1.05809,-0.00539,0.08839
1,0.1,0.11423,0.25,0.57789,-0.00352,-0.06461,0.1,0,0.04569,1.05779,-0.00997,0.1103
1,0.1,0.12806,0.25,0.58019,-0.0201,-0.08849,0.1,0,0.05122,1.05802,-0.02894,0.13971
1,0.1,0.14449,0.25,0.58305,-0.01199,-0.0591,0.1,0,0.0578,1.0583,-0.0179,0.1169
1,0.1,0.16603,0.25,0.58178,-0.01642,-0.05015,0.1,0,0.06641,1.05818,-0.02144,0.11657
1,0.1,0.21516,0.25,0.58457,-0.02537,-0.04924,0.1,0,0.08607,1.05846,-0.03029,0.13531
1,0.1,0.22303,0.25,0.58543,-0.0345,-0.03229,0.1,0,0.08921,1.05854,-0.03773,0.1215
1,0.1,0.31303,0.25,0.59027,-0.02953,0.02631,0.1,0,0.12521,1.05903,-0.0269,0.0989
0.99424,0.1,0.35155,0.25,0.59006,-0.01907,0.06624,0.09942,0,0.13981,1.05324,-0.01249,0.07357
0.97485,0.1,0.39026,0.25,0.59875,-0.00625,0.10137,0.09749,0,0.15218,1.03473,0.00361,0.05081
0.94496,0.1,0.42521,0.25,0.62485,0.0078,0.13255,0.0945,0,0.16072,1.00745,0.02029,0.02818
0,0.1,0,0.25,0,-3E-05,-0.96854,0,0,0,0,-3E-05,0.96854
0.1,0.1,0,0.25,1,-3E-05,-0.96854,0.01,0,0,0.2,-0.00828,0.96854
0.18181,0.1,-0.42977,0.25,1,-0.01447,-0.96154,0.01818,0,-0.03125,0.28181,-0.02938,0.93029
0.24639,0.1,-0.50676,0.25,1,-0.03735,-0.94121,0.02464,0,-0.04995,0.34639,-0.05726,0.89126
0.30009,0.1,-0.523,0.25,1,-0.06626,-0.90991,0.03001,0,-0.06278,0.40009,-0.08995,0.84714
0.34661,0.1,-0.523,0.25,1,-0.0991,-0.86817,0.03466,0,-0.07251,0.44661,-0.12555,0.79566
0.3922,0.1,-0.49878,0.25,1,-0.13384,-0.81527,0.03922,0,-0.07825,0.4922,-0.16239,0.73702
0.3922,0.1,-0.4565,0.25,1,-0.16899,-0.75035,0.03922,0,-0.07162,0.4922,-0.19573,0.67873
0.45296,0.1,-0.40201,0.25,1,-0.18639,-0.70627,0.0453,0,-0.07284,0.55296,-0.21579,0.63343
0.52186,0.1,-0.33695,0.25,1,-0.22045,-0.62674,0.05219,0,-0.07034,0.62186,-0.25106,0.5564
0.60062,0.1,-0.26215,0.25,1,-0.25218,-0.53078,0.06006,0,-0.06298,0.70062,-0.28258,0.4678
0.69018,0.1,-0.1728,0.25,1,-0.27953,-0.42101,0.06902,0,-0.0477,0.79018,-0.30774,0.37331
0.786,0.1,-0.07514,0.25,0.98043,-0.30178,-0.30296,0.0786,0,-0.02362,0.88404,-0.32523,0.27934
0.87148,0.1,0.02501,0.25,0.85755,-0.30863,-0.16263,0.08715,0,0.00872,0.95724,-0.32274,0.17135
0.93769,0.1,0.14258,0.25,0.75819,-0.31731,-0.02231,0.09377,0,0.05348,1.01351,-0.3194,0.07579
0.97904,0.1,0.23095,0.25,0.68055,-0.31217,0.1273,0.0979,0,0.09044,1.0471,-0.29974,-0.03686
0.99206,0.1,0.31102,0.25,0.63018,-0.28822,0.25344,0.09921,0,0.12342,1.05508,-0.26335,-0.13002
0.98548,0.1,0.36081,0.25,0.61241,-0.25944,0.31965,0.09855,0,0.14223,1.04672,-0.22847,-0.17742
0.97814,0.1,0.36534,0.25,0.6177,-0.21752,0.34355,0.09781,0,0.14294,1.03991,-0.18457,-0.20061
0.97814,0.1,0.36969,0.25,0.62161,-0.17815,0.34363,0.09781,0,0.14464,1.0403,-0.1452,-0.19899
0.97814,0.1,0.35916,0.25,0.61652,-0.19321,0.33227,0.09781,0,0.14052,1.03979,-0.16131,-0.19175
0.97344,0.1,0.3435,0.25,0.61794,-0.11903,0.28836,0.09734,0,0.13375,1.03524,-0.09135,-0.1546
0.989,0.1,0.29824,0.25,0.61232,-0.0811,0.24733,0.0989,0,0.11798,1.05023,-0.05689,-0.12934
1,0.1,0.27237,0.25,0.58843,-0.04818,0.21375,0.1,0,0.10895,1.05884,-0.02697,-0.1048
1,0.1,0.23848,0.25,0.57596,-0.01326,0.18844,0.1,0,0.09539,1.0576,0.00547,-0.09305
1,0.1,0.2217,0.25,0.57767,0.01549,0.16418,0.1,0,0.08868,1.05777,0.03183,-0.0755
1,0.1,0.19992,0.25,0.5778,0.0401,0.13725,0.1,0,0.07997,1.05778,0.05378,-0.05728
1,0.1,0.17759,0.25,0.57814,0.06442,0.11262,0.1,0,0.07104,1.05781,0.07565,-0.04158
1,0.1,0.15829,0.25,0.57919,0.08419,0.0904,0.1,0,0.06332,1.05792,0.09322,-0.02708
1,0.1,0.13951,0.25,0.58006,0.09345,0.06838,0.1,0,0.0558,1.05801,0.10028,-0.01257
1,0.1,0.11829,0.25,0.58029,0.10628,0.04705,0.1,0,0.04732,1.05803,0.11098,0.00026
1,0.1,0.10235,0.25,0.58092,0.11602,0.02795,0.1,0,0.04094,1.05809,0.11882,0.01299
1,0.1,0.08643,0.25,0.58135,0.12511,0.01791,0.1,0,0.03457,1.05813,0.1269,0.01666
1,0.1,0.08125,0.25,0.58192,0.13158,0.00257,0.1,0,0.0325,1.05819,0.13184,0.02993
1,0.1,0.06436,0.25,0.58217,0.1356,-0.01444,0.1,0,0.02574,1.05822,0.13416,0.04018
1,0.1,0.05084,0.25,0.58228,0.13901,-0.02674,0.1,0,0.02034,1.05823,0.13633,0.04708
1,0.1,0.04247,0.25,0.5824,0.13893,-0.03826,0.1,0,0.01699,1.05824,0.1351,0.05525
1,0.1,0.02985,0.25,0.58221,0.13825,-0.05206,0.1,0,0.01194,1.05822,0.13304,0.064
1,0.1,0.018,0.25,0.58192,0.14279,-0.05911,0.1,0,0.0072,1.05819,0.13688,0.06631
1,0.1,0.01721,0.25,0.58193,0.14114,-0.07216,0.1,0,0.00688,1.05819,0.13393,0.07904
1,0.1,0.00226,0.25,0.58101,0.14429,-0.09878,0.1,0,0.00091,1.0581,0.13443,0.09968
1,0.1,-0.01857,0.25,0.57838,0.14722,-0.10137,0.1,0,-0.00743,1.05784,0.1371,0.09394
1,0.1,-0.00898,0.25,0.57757,0.12507,-0.07081,0.1,0,-0.00359,1.05776,0.118,0.06722
1,0.1,0.01185,0.25,0.58038,0.12064,-0.07966,0.1,0,0.00474,1.05804,0.11268,0.08441
1,0.1,-0.00463,0.25,0.57846,0.12601,-0.09685,0.1,0,-0.00185,1.05785,0.11634,0.09499
1,0.1,-0.00859,0.25,0.57594,0.12367,-0.11686,0.1,0,-0.00344,1.05759,0.11201,0.11342
1,0.1,-0.02263,0.25,0.57321,0.10625,-0.0742,0.1,0,-0.00905,1.05732,0.09884,0.06515
1,0.1,0.0138,0.25,0.57813,0.11069,-0.07862,0.1,0,0.00552,1.05781,0.10284,0.08414
1,0.1,0.00853,0.25,0.57448,0.10795,-0.09969,0.1,0,0.00341,1.05745,0.098,0.10311
1,0.1,-0.00343,0.25,0.57277,0.1034,-0.12275,0.1,0,-0.00137,1.05728,0.09115,0.12138
1,0.1,-0.01099,0.25,0.57176,0.09654,-0.06435,0.1,0,-0.0044,1.05718,0.09011,0.05996
1,0.1,0.03306,0.25,0.57538,0.08979,-0.09202,0.1,0,0.01322,1.05754,0.0806,0.10524
1,0.1,0.01421,0.25,0.57207,0.08464,-0.11302,0.1,0,0.00568,1.05721,0.07336,0.1187
1,0.1,0.01258,0.25,0.57243,0.08539,-0.05981,0.1,0,0.00503,1.05724,0.07942,0.06484
1,0.1,0.02966,0.25,0.57513,0.07719,-0.07457,0.1,0,0.01186,1.05751,0.06973,0.08644
1,0.1,0.03416,0.25,0.57258,0.06392,-0.11205,0.1,0,0.01367,1.05726,0.05274,0.12571
1,0.1,0.04692,0.25,0.57453,0.05533,-0.11934,0.1,0,0.01877,1.05745,0.04343,0.13811
1,0.1,0.04446,0.25,0.57499,0.06126,-0.07918,0.1,0,0.01778,1.0575,0.05335,0.09696
1,0.1,0.02418,0.25,0.57289,0.04888,-0.0863,0.1,0,0.00967,1.05729,0.04026,0.09597
1,0.1,0.07518,0.25,0.57443,0.03404,-0.08336,0.1,0,0.03007,1.05744,0.02571,0.11343
1,0.1,0.14599,0.25,0.57969,0.02522,-0.08311,0.1,0,0.0584,1.05797,0.01692,0.14151
1,0.1,0.14787,0.25,0.5805,0.02045,-0.06514,0.1,0,0.05915,1.05805,0.01394,0.12429
1,0.1,0.18627,0.25,0.58152,0.01765,-0.03826,0.1,0,0.07451,1.05815,0.01383,0.11277
1,0.1,0.21878,0.25,0.58247,0.01754,-0.01316,0.1,0,0.08751,1.05825,0.01622,0.10068
1,0.1,0.25227,0.25,0.58356,0.01961,0.01221,0.1,0,0.10091,1.05836,0.02083,0.0887
1,0.1,0.28715,0.25,0.58483,0.02364,0.03924,0.1,0,0.11486,1.05848,0.02756,0.07563
1,0.1,0.32602,0.25,0.58642,0.02972,0.07115,0.1,0,0.13041,1.05864,0.03683,0.05926
0.98618,0.1,0.37267,0.25,0.58859,0.0385,0.11368,0.09862,0,0.14701,1.04504,0.04969,0.03333
0,0.1,0,0.25,0,-0.01504,-0.90104,0,0,0,0,-0.01504,0.90104
0.1,0.1,0,0.25,1,-0.01504,-0.90104,0.01,0,0,0.2,-0.02288,0.90104
0.18228,0.1,-0.42417,0.25,1,-0.0276,-0.89565,0.01823,0,-0.03093,0.28228,-0.04183,0.86472
0.2469,0.1,-0.506,0.25,1,-0.04821,-0.87078,0.02469,0,-0.04997,0.3469,-0.06709,0.8208
0.30053,0.1,-0.523,0.25,1,-0.07366,-0.83081,0.03005,0,-0.06287,0.40053,-0.09586,0.76794
0.34699,0.1,-0.523,0.25,1,-0.10165,-0.77398,0.0347,0,-0.07259,0.44699,-0.12591,0.70139
0.39221,0.1,-0.50031,0.25,1,-0.12882,-0.70789,0.03922,0,-0.07849,0.49221,-0.15432,0.6294
0.44088,0.1,-0.46074,0.25,1,-0.15389,-0.62939,0.04409,0,-0.08125,0.54088,-0.17984,0.54814
0.49587,0.1,-0.41083,0.25,1,-0.16679,-0.53309,0.04959,0,-0.08149,0.59587,-0.19199,0.4516
0.56054,0.1,-0.3461,0.25,1,-0.18193,-0.44215,0.05605,0,-0.0776,0.66054,-0.20592,0.36455
0.63297,0.1,-0.28996,0.25,1,-0.19117,-0.36378,0.0633,0,-0.07341,0.73297,-0.2137,0.29036
0.71206,0.1,-0.23938,0.25,1,-0.19541,-0.31076,0.07121,0,-0.06818,0.81206,-0.21718,0.24258
0.78937,0.1,-0.19939,0.25,0.93257,-0.18073,-0.2895,0.07894,0,-0.06296,0.88262,-0.20326,0.22654
0.8622,0.1,-0.16191,0.25,0.84258,-0.18754,-0.31834,0.08622,0,-0.05584,0.94646,-0.21452,0.2625
0.92999,0.1,-0.13694,0.25,0.76582,-0.20744,-0.36567,0.093,0,-0.05094,1.00657,-0.24069,0.31473
0.99567,0.1,-0.08672,0.25,0.69432,-0.24428,-0.39916,0.09957,0,-0.03454,1.0651,-0.28298,0.36462
1,0.1,0.00553,0.25,0.62399,-0.28177,-0.37887,0.1,0,0.00221,1.0624,-0.31876,0.38109
1,0.1,0.14209,0.25,0.63144,-0.31416,-0.25,0.1,0,0.05683,1.06314,-0.3389,0.30684
1,0.1,0.29572,0.25,0.6299,-0.30193,-0.04279,0.1,0,0.11829,1.06299,-0.30621,0.16107
0.97701,0.1,0.40277,0.25,0.61996,-0.23899,0.1834,0.0977,0,0.1574,1.03901,-0.22117,-0.02599
0.93492,0.1,0.45478,0.25,0.63687,-0.15517,0.30046,0.09349,0,0.17007,0.99861,-0.12751,-0.13038
0.89793,0.1,0.46159,0.25,0.67969,-0.08749,0.35509,0.08979,0,0.16579,0.9659,-0.05627,-0.1893
0.86946,0.1,0.45862,0.25,0.71722,-0.05655,0.35574,0.08695,0,0.1595,0.94118,-0.02627,-0.19624
0.8609,0.1,0.42281,0.25,0.74577,-0.02063,0.33342,0.08609,0,0.1456,0.93548,0.00755,-0.18782
0.86039,0.1,0.40477,0.25,0.75129,-0.00235,0.28801,0.08604,0,0.13931,0.93552,0.02209,-0.1487
0.87635,0.1,0.35668,0.25,0.74823,0.02056,0.24628,0.08764,0,0.12503,0.95118,0.04193,-0.12125
0.89754,0.1,0.3307,0.25,0.72607,0.04361,0.21077,0.08975,0,0.11873,0.97015,0.06239,-0.09204
0.92325,0.1,0.30365,0.25,0.69972,0.04585,0.16222,0.09233,0,0.11214,0.99322,0.06076,-0.05008
0.95884,0.1,0.25122,0.25,0.66665,0.06397,0.13138,0.09588,0,0.09635,1.02551,0.07653,-0.03502
0.99292,0.1,0.23588,0.25,0.62357,0.07984,0.11271,0.09929,0,0.09368,1.05528,0.09101,-0.01902
1,0.1,0.21717,0.25,0.584,0.08994,0.09155,0.1,0,0.08687,1.0584,0.09909,-0.00469
1,0.1,0.19399,0.25,0.57946,0.10586,0.0707,0.1,0,0.0776,1.05795,0.11293,0.00689
1,0.1,0.17639,0.25,0.58042,0.11751,0.05304,0.1,0,0.07056,1.05804,0.12281,0.01752
1,0.1,0.15871,0.25,0.58064,0.12022,0.02985,0.1,0,0.06348,1.05806,0.12321,0.03364
1,0.1,0.13025,0.25,0.58026,0.1292,0.01251,0.1,0,0.0521,1.05803,0.13045,0.03959
1,0.1,0.11705,0.25,0.58097,0.13449,0.00039,0.1,0,0.04682,1.0581,0.13452,0.04644
1,0.1,0.10293,0.25,0.58118,0.14176,-0.00909,0.1,0,0.04117,1.05812,0.14085,0.05027
1,0.1,0.09303,0.25,0.58178,0.14524,-0.01886,0.1,0,0.03721,1.05818,0.14335,0.05608
1,0.1,0.07934,0.25,0.58206,0.14827,-0.02988,0.1,0,0.03174,1.05821,0.14528,0.06162
1,0.1,0.06596,0.25,0.5824,0.15749,-0.02884,0.1,0,0.02638,1.05824,0.1546,0.05522
1,0.1,0.06971,0.25,0.58348,0.15913,-0.03566,0.1,0,0.02788,1.05835,0.15556,0.06354
1,0.1,0.05352,0.25,0.58357,0.1607,-0.04622,0.1,0,0.02141,1.05836,0.15608,0.06763
1,0.1,0.04185,0.25,0.58377,0.17031,-0.04852,0.1,0,0.01674,1.05838,0.16546,0.06527
1,0.1,0.04425,0.25,0.58476,0.16957,-0.05588,0.1,0,0.0177,1.05848,0.16398,0.07358
1,0.1,0.02871,0.25,0.58455,0.16871,-0.06521,0.1,0,0.01149,1.05846,0.1622,0.07669
1,0.1,0.01833,0.25,0.58445,0.17417,-0.06949,0.1,0,0.00733,1.05845,0.16723,0.07682
1,0.1,0.01777,0.25,0.58493,0.17024,-0.07506,0.1,0,0.00711,1.05849,0.16274,0.08216
1,0.1,0.00531,0.25,0.58439,0.16485,-0.08365,0.1,0,0.00212,1.05844,0.1565,0.08577
1,0.1,-0.00414,0.25,0.58379,0.16486,-0.09114,0.1,0,-0.00166,1.05838,0.15576,0.08948
1,0.1,-0.00894,0.25,0.58362,0.15757,-0.0993,0.1,0,-0.00358,1.05836,0.14765,0.09572
1,0.1,-0.01918,0.25,0.58267,0.15017,-0.11086,0.1,0,-0.00767,1.05827,0.13911,0.10319
1,0.1,-0.03019,0.25,0.58128,0.14973,-0.11284,0.1,0,-0.01207,1.05813,0.13847,0.10076
1,0.1,-0.02434,0.25,0.57993,0.14231,-0.12167,0.1,0,-0.00974,1.05799,0.13017,0.11194
1,0.1,-0.03616,0.25,0.57807,0.13337,-0.13121,0.1,0,-0.01446,1.05781,0.12028,0.11675
1,0.1,-0.04132,0.25,0.57608,0.11443,-0.10994,0.1,0,-0.01653,1.05761,0.10346,0.09342
1,0.1,-0.02197,0.25,0.57806,0.10563,-0.11232,0.1,0,-0.00879,1.05781,0.09442,0.10354
1,0.1,-0.03124,0.25,0.57589,0.09864,-0.12149,0.1,0,-0.01249,1.05759,0.08652,0.109
1,0.1,-0.03496,0.25,0.57399,0.10245,-0.11967,0.1,0,-0.01398,1.0574,0.09051,0.10569
1,0.1,-0.02205,0.25,0.57301,0.08773,-0.08285,0.1,0,-0.00882,1.0573,0.07945,0.07402
1,0.1,0.00159,0.25,0.57593,0.08191,-0.09327,0.1,0,0.00064,1.05759,0.0726,0.09391
1,0.1,-0.01055,0.25,0.57314,0.08303,-0.10108,0.1,0,-0.00422,1.05731,0.07294,0.09686
1,0.1,-0.00109,0.25,0.57217,0.07718,-0.05969,0.1,0,-0.00044,1.05722,0.07121,0.05926
1,0.1,0.02161,0.25,0.57523,0.07197,-0.07852,0.1,0,0.00865,1.05752,0.06412,0.08716
1,0.1,0.01157,0.25,0.57227,0.0715,-0.10019,0.1,0,0.00463,1.05723,0.06149,0.10482
1,0.1,0.01508,0.25,0.57226,0.06456,-0.11704,0.1,0,0.00603,1.05723,0.05288,0.12307
1,0.1,0.01581,0.25,0.57308,0.06343,-0.07056,0.1,0,0.00632,1.05731,0.05638,0.07688
1,0.1,0.03868,0.25,0.57267,0.05814,-0.08771,0.1,0,0.01547,1.05727,0.04939,0.10318
1,0.1,0.05096,0.25,0.57372,0.04845,-0.10223,0.1,0,0.02038,1.05737,0.03824,0.12262
1,0.1,0.05954,0.25,0.57529,0.03855,-0.11618,0.1,0,0.02382,1.05753,0.02696,0.14
1,0.1,0.07512,0.25,0.57733,0.04772,-0.07563,0.1,0,0.03005,1.05773,0.04017,0.10568
1,0.1,0.07393,0.25,0.57436,0.03341,-0.08684,0.1,0,0.02957,1.05744,0.02474,0.11641
1,0.1,0.12586,0.25,0.57868,0.01936,-0.09046,0.1,0,0.05034,1.05787,0.01033,0.14081
1,0.1,0.15577,0.25,0.58137,0.0027,-0.08692,0.1,0,0.06231,1.05814,-0.00598,0.14923
1,0.1,0.18488,0.25,0.58336,-0.00172,-0.05369,0.1,0,0.07395,1.05834,-0.00708,0.12764
1,0.1,0.23133,0.25,0.58446,-0.00259,-0.01629,0.1,0,0.09253,1.05845,-0.00422,0.10882
1,0.1,0.27482,0.25,0.58572,0.0003,0.03448,0.1,0,0.10993,1.05857,0.00375,0.07545
1,0.1,0.33176,0.25,0.58756,0.00769,0.07373,0.1,0,0.1327,1.05876,0.01505,0.05897
1,0.1,0.37726,0.25,0.58927,0.01842,0.11651,0.1,0,0.1509,1.05893,0.03005,0.0344
0,0.1,0,0.25,0,-0.01821,-0.45677,0,0,0,0,-0.01821,0.45677
0.1,0.1,0,0.25,1,-0.01821,-0.45677,0.01,0,0,0.2,-0.02262,0.45677
0.19775,0.1,-0.15011,0.25,1,-0.02307,-0.44828,0.01978,0,-0.01187,0.29775,-0.03164,0.43641
0.29354,0.1,-0.16843,0.25,1,-0.03218,-0.42538,0.02935,0,-0.01978,0.39354,-0.0443,0.40561
0.38852,0.1,-0.15983,0.25,1,-0.04474,-0.38964,0.03885,0,-0.02484,0.48852,-0.0595,0.3648
0.48434,0.1,-0.13093,0.25,1,-0.05955,-0.37349,0.04843,0,-0.02537,0.58434,-0.07722,0.34812
0.58143,0.1,-0.09987,0.25,1,-0.07135,-0.31665,0.05814,0,-0.02323,0.68143,-0.08945,0.29342
0.68081,0.1,-0.04264,0.25,1,-0.08843,-0.24491,0.06808,0,-0.01161,0.78081,-0.10494,0.2333
0.77557,0.1,0.01904,0.25,0.94905,-0.10289,-0.16667,0.07756,0,0.00591,0.87048,-0.11576,0.17258
0.85605,0.1,0.08102,0.25,0.83294,-0.11259,-0.08612,0.0856,0,0.02774,0.93934,-0.11996,0.11386
0.92159,0.1,0.1376,0.25,0.7434,-0.11557,-0.00886,0.09216,0,0.05073,0.99593,-0.11639,0.05959
0.97144,0.1,0.18601,0.25,0.66899,-0.10984,0.0517,0.09714,0,0.07228,1.03834,-0.10482,0.02059
1,0.1,0.21845,0.25,0.6123,-0.11076,0.11121,0.1,0,0.08738,1.06123,-0.09966,-0.02383
1,0.1,0.2572,0.25,0.58275,-0.0904,0.15238,0.1,0,0.10288,1.05827,-0.07523,-0.0495
1,0.1,0.26608,0.25,0.58493,-0.06741,0.18071,0.1,0,0.10643,1.05849,-0.04944,-0.07428
1,0.1,0.27988,0.25,0.58358,-0.04825,0.17927,0.1,0,0.11195,1.05836,-0.03042,-0.06732
1,0.1,0.26213,0.25,0.58236,-0.02546,0.16824,0.1,0,0.10485,1.05824,-0.00872,-0.06338
1,0.1,0.25353,0.25,0.58158,-0.00259,0.16005,0.1,0,0.10141,1.05816,0.01335,-0.05864
1,0.1,0.24284,0.25,0.58087,0.0144,0.14188,0.1,0,0.09714,1.05809,0.02854,-0.04474
1,0.1,0.21569,0.25,0.57998,0.03525,0.1244,0.1,0,0.08628,1.058,0.04766,-0.03813
1,0.1,0.20359,0.25,0.57985,0.05338,0.11041,0.1,0,0.08144,1.05798,0.0644,-0.02898
1,0.1,0.19042,0.25,0.57982,0.06712,0.08759,0.1,0,0.07617,1.05798,0.07587,-0.01142
1,0.1,0.16882,0.25,0.57959,0.07947,0.06787,0.1,0,0.06753,1.05796,0.08625,-0.00034
1,0.1,0.15399,0.25,0.57975,0.08936,0.04749,0.1,0,0.06159,1.05798,0.09411,0.0141
1,0.1,0.13565,0.25,0.5799,0.10263,0.00303,0.1,0,0.05426,1.05799,0.10293,0.05123
1,0.1,0.093,0.25,0.57959,0.09045,0.02997,0.1,0,0.0372,1.05796,0.09345,0.00723
1,0.1,0.1259,0.25,0.57855,0.0947,0.02424,0.1,0,0.05036,1.05786,0.09712,0.02612
1,0.1,0.1023,0.25,0.57888,0.0961,0.00345,0.1,0,0.04092,1.05789,0.09644,0.03747
1,0.1,0.08423,0.25,0.57924,0.1138,-0.04792,0.1,0,0.03369,1.05792,0.10901,0.08161
1,0.1,0.04596,0.25,0.57833,0.09928,0.01397,0.1,0,0.01839,1.05783,0.10068,0.00442
1,0.1,0.09728,0.25,0.5775,0.09765,0.00859,0.1,0,0.03891,1.05775,0.09851,0.03032
1,0.1,0.06486,0.25,0.57809,0.09996,-0.0147,0.1,0,0.02594,1.05781,0.09849,0.04064
1,0.1,0.05179,0.25,0.57933,0.10946,-0.08021,0.1,0,0.02072,1.05793,0.10145,0.10092
1,0.1,0.01355,0.25,0.57513,0.11137,-0.00097,0.1,0,0.00542,1.05751,0.11127,0.00639
1,0.1,0.06395,0.25,0.57932,0.1098,-0.01113,0.1,0,0.02558,1.05793,0.10869,0.03671
1,0.1,0.03449,0.25,0.57979,0.10939,-0.05257,0.1,0,0.0138,1.05798,0.10414,0.06637
1,0.1,0.02386,0.25,0.57888,0.11435,-0.10892,0.1,0,0.00954,1.05789,0.10348,0.11847
1,0.1,0.01553,0.25,0.5719,0.12043,-0.03897,0.1,0,0.00621,1.05719,0.11653,0.04518
1,0.1,0.01271,0.25,0.58227,0.11353,-0.05849,0.1,0,0.00508,1.05823,0.10768,0.06357
1,0.1,0.00717,0.25,0.5795,0.11123,-0.09991,0.1,0,0.00287,1.05795,0.10125,0.10277
1,0.1,0.03815,0.25,0.57188,0.1173,-0.08211,0.1,0,0.01526,1.05719,0.1091,0.09737
1,0.1,-0.0191,0.25,0.57781,0.1074,-0.1097,0.1,0,-0.00764,1.05778,0.09646,0.10206
1,0.1,0.00459,0.25,0.57181,0.10048,-0.11134,0.1,0,0.00184,1.05718,0.08937,0.11318
1,0.1,0.02937,0.25,0.57276,0.0794,-0.1153,0.1,0,0.01175,1.05728,0.0679,0.12705
1,0.1,0.11239,0.25,0.5783,0.06943,-0.09218,0.1,0,0.04495,1.05783,0.06023,0.13713
1,0.1,0.12474,0.25,0.57841,0.06252,-0.082,0.1,0,0.04989,1.05784,0.05433,0.1319
1,0.1,0.15145,0.25,0.57932,0.05696,-0.06592,0.1,0,0.06058,1.05793,0.05037,0.1265
1,0.1,0.17834,0.25,0.58023,0.05323,-0.04793,0.1,0,0.07134,1.05802,0.04844,0.11927
1,0.1,0.2077,0.25,0.58128,0.05138,-0.02754,0.1,0,0.08308,1.05813,0.04862,0.11063
1,0.1,0.23992,0.25,0.58252,0.05154,-0.00407,0.1,0,0.09597,1.05825,0.05113,0.10004
0,0.1,0,0.25,0,-0.01726,-0.3351,0,0,0,0,-0.01726,0.3351
0.1,0.1,0,0.25,1,-0.01726,-0.3351,0.01,0,0,0.2,-0.02055,0.3351
0.19593,0.1,-0.20213,0.25,1,-0.02076,-0.3389,0.01959,0,-0.01584,0.29593,-0.02728,0.32306
0.28612,0.1,-0.25814,0.25,1,-0.02779,-0.33352,0.02861,0,-0.02954,0.38612,-0.03716,0.30398
0.37014,0.1,-0.28877,0.25,1,-0.03775,-0.32045,0.03701,0,-0.04275,0.47014,-0.04941,0.27769
0.4492,0.1,-0.29955,0.25,1,-0.05146,-0.26227,0.04492,0,-0.05382,0.5492,-0.0631,0.20845
0.5277,0.1,-0.28075,0.25,1,-0.06291,-0.23415,0.05277,0,-0.05926,0.6277,-0.07515,0.17489
0.60481,0.1,-0.27086,0.25,1,-0.07418,-0.20708,0.06048,0,-0.06553,0.70481,-0.08662,0.14156
0.68194,0.1,-0.25546,0.25,1,-0.0807,-0.1721,0.06819,0,-0.06968,0.78194,-0.09238,0.10242
0.75496,0.1,-0.22718,0.25,0.92927,-0.07921,-0.10457,0.0755,0,-0.0686,0.84788,-0.08709,0.03596
0.82288,0.1,-0.19506,0.25,0.83826,-0.08246,-0.09613,0.08229,0,-0.0642,0.9067,-0.09036,0.03193
0.88382,0.1,-0.18631,0.25,0.76511,-0.08591,-0.10033,0.08838,0,-0.06586,0.96033,-0.09476,0.03447
0.9391,0.1,-0.17532,0.25,0.69901,-0.07611,-0.09783,0.09391,0,-0.06586,1.00901,-0.08528,0.03197
0.99247,0.1,-0.1443,0.25,0.63785,-0.08188,-0.11458,0.09925,0,-0.05728,1.05625,-0.09323,0.0573
1,0.1,-0.13894,0.25,0.58056,-0.09185,-0.13613,0.1,0,-0.05558,1.05806,-0.10542,0.08055
1,0.1,-0.12546,0.25,0.58204,-0.09979,-0.14849,0.1,0,-0.05019,1.0582,-0.11459,0.0983
1,0.1,-0.09459,0.25,0.58518,-0.11651,-0.15382,0.1,0,-0.03784,1.05852,-0.13184,0.11599
1,0.1,-0.06691,0.25,0.5883,-0.13444,-0.14793,0.1,0,-0.02676,1.05883,-0.14918,0.12117
1,0.1,-0.02532,0.25,0.59075,-0.12797,-0.14088,0.1,0,-0.01013,1.05908,-0.14201,0.13075
1,0.1,0.02437,0.25,0.59129,-0.124,-0.1568,0.1,0,0.00975,1.05913,-0.13961,0.16655
1,0.1,0.04623,0.25,0.59323,-0.12152,-0.17878,0.1,0,0.01849,1.05932,-0.13931,0.19728
1,0.1,0.0761,0.25,0.59495,-0.11509,-0.19601,0.1,0,0.03044,1.05949,-0.13456,0.22645
1,0.1,0.12466,0.25,0.59623,-0.11426,-0.18991,0.1,0,0.04987,1.05962,-0.13314,0.23977
1,0.1,0.17275,0.25,0.59694,-0.10534,-0.18432,0.1,0,0.0691,1.05969,-0.12367,0.25342
1,0.1,0.21405,0.25,0.59693,-0.09302,-0.19817,0.1,0,0.08562,1.05969,-0.11271,0.28379
1,0.1,0.22612,0.25,0.59654,-0.07348,-0.22609,0.1,0,0.09045,1.05965,-0.0959,0.31653
1,0.1,0.22674,0.25,0.59582,-0.04826,-0.22285,0.1,0,0.0907,1.05958,-0.07036,0.31354
1,0.1,0.24749,0.25,0.59431,-0.02783,-0.18115,0.1,0,0.099,1.05943,-0.04584,0.28014
1,0.1,0.25642,0.25,0.59173,-0.0016,-0.11811,0.1,0,0.10257,1.05917,-0.01339,0.22068
1,0.1,0.3046,0.25,0.5907,0.04489,0.04982,0.1,0,0.12184,1.05907,0.04987,0.07202
0.98469,0.1,0.37664,0.25,0.58911,0.06501,0.08539,0.09847,0,0.14835,1.0436,0.07341,0.06296
0.98228,0.1,0.3493,0.25,0.6072,0.09263,0.07499,0.09823,0,0.13724,1.043,0.09999,0.06225
0.98438,0.1,0.33687,0.25,0.60727,0.1124,0.06542,0.09844,0,0.13265,1.04511,0.11884,0.06723
0.99068,0.1,0.32318,0.25,0.60386,0.12348,0.12907,0.09907,0,0.12807,1.05107,0.13623,-0.001
0.984,0.1,0.35744,0.25,0.59714,0.13654,0.12586,0.0984,0,0.14069,1.04372,0.14889,0.01483
0.9861,0.1,0.33643,0.25,0.60659,0.14915,0.08189,0.09861,0,0.1327,1.04676,0.15722,0.05081
0.99869,0.1,0.30265,0.25,0.60145,0.15919,0.03035,0.09987,0,0.1209,1.05884,0.16222,0.09055
1,0.1,0.26218,0.25,0.58389,0.16599,0.06313,0.1,0,0.10487,1.05839,0.1723,0.04174
1,0.1,0.28302,0.25,0.58724,0.17382,0.05654,0.1,0,0.11321,1.05872,0.17947,0.05666
1,0.1,0.25975,0.25,0.58495,0.17985,0.01819,0.1,0,0.1039,1.05849,0.18167,0.08571
1,0.1,0.22988,0.25,0.58626,0.18728,-0.02371,0.1,0,0.09195,1.05863,0.18491,0.11566
1,0.1,0.20113,0.25,0.5845,0.19469,0.01,0.1,0,0.08045,1.05845,0.19569,0.07045
1,0.1,0.19877,0.25,0.57829,0.20012,0.00147,0.1,0,0.07951,1.05783,0.20027,0.07803
1,0.1,0.17907,0.25,0.58052,0.20102,-0.03123,0.1,0,0.07163,1.05805,0.1979,0.10286
1,0.1,0.16874,0.25,0.58702,0.19917,-0.05553,0.1,0,0.0675,1.0587,0.19362,0.12303
1,0.1,0.15353,0.25,0.58433,0.2026,-0.05317,0.1,0,0.06141,1.05843,0.19729,0.11459
1,0.1,0.11892,0.25,0.58502,0.20437,-0.05305,0.1,0,0.04757,1.0585,0.19907,0.10062
1,0.1,0.11483,0.25,0.58403,0.1966,-0.06041,0.1,0,0.04593,1.0584,0.19056,0.10634
1,0.1,0.1394,0.25,0.58492,0.18968,-0.07045,0.1,0,0.05576,1.05849,0.18264,0.12621
1,0.1,0.14194,0.25,0.5809,0.18499,-0.06948,0.1,0,0.05677,1.05809,0.17805,0.12626
1,0.1,0.13842,0.25,0.58124,0.1804,-0.06881,0.1,0,0.05537,1.05812,0.17353,0.12418
1,0.1,0.13644,0.25,0.58107,0.17586,-0.06687,0.1,0,0.05458,1.05811,0.16918,0.12145
1,0.1,0.13446,0.25,0.58105,0.17151,-0.06426,0.1,0,0.05378,1.0581,0.16509,0.11804
1,0.1,0.13236,0.25,0.58109,0.1674,-0.06122,0.1,0,0.05295,1.05811,0.16128,0.11416
0,0.1,0,0.25,0,-0.0028,-0.02891,0,0,0,0,-0.0028,0.02891
0.1,0.1,0,0.25,1,-0.0028,-0.02891,0.01,0,0,0.2,-0.00309,0.02891
0.19987,0.1,-0.03562,0.25,1,-0.0031,-0.03125,0.01999,0,-0.00285,0.29987,-0.00372,0.0284
0.29951,0.1,-0.04952,0.25,1,-0.00377,-0.03414,0.02995,0,-0.00593,0.39951,-0.00479,0.02821
0.39876,0.1,-0.06091,0.25,1,-0.00489,-0.03737,0.03988,0,-0.00972,0.49876,-0.00638,0.02766
0.49755,0.1,-0.06979,0.25,1,-0.00147,-0.03733,0.04976,0,-0.01389,0.59755,-0.00333,0.02344
0.59605,0.1,-0.07084,0.25,1,-0.00362,-0.03967,0.05961,0,-0.01689,0.69605,-0.00598,0.02278
0.69403,0.1,-0.07621,0.25,1,-0.00638,-0.04188,0.0694,0,-0.02116,0.79403,-0.00929,0.02073
0.78383,0.1,-0.07949,0.25,0.92283,-0.00982,-0.04296,0.07838,0,-0.02492,0.87611,-0.01318,0.01804
0.86256,0.1,-0.08078,0.25,0.81549,-0.01383,-0.04281,0.08626,0,-0.02787,0.94411,-0.01752,0.01494
0.93219,0.1,-0.08054,0.25,0.7266,-0.0069,-0.03095,0.09322,0,-0.03003,1.00485,-0.00979,0.00092
0.99506,0.1,-0.06062,0.25,0.64703,-0.0113,-0.02911,0.09951,0,-0.02413,1.05976,-0.0142,0.00498
1,0.1,-0.06455,0.25,0.57529,-0.01505,-0.0301,0.1,0,-0.02582,1.05753,-0.01806,0.00428
1,0.1,-0.06307,0.25,0.57822,-0.01228,-0.02157,0.1,0,-0.02523,1.05782,-0.01444,-0.00366
1,0.1,-0.04989,0.25,0.57774,-0.0062,-0.02487,0.1,0,-0.01996,1.05777,-0.00868,0.00492
1,0.1,-0.05851,0.25,0.5773,-0.0096,-0.02934,0.1,0,-0.02341,1.05773,-0.01253,0.00593
1,0.1,-0.05623,0.25,0.57721,-0.00287,-0.022,0.1,0,-0.02249,1.05772,-0.00507,-0.0005
1,0.1,-0.03921,0.25,0.57691,-0.00318,-0.02316,0.1,0,-0.01568,1.05769,-0.0055,0.00748
1,0.1,-0.04361,0.25,0.57651,-0.00268,-0.02835,0.1,0,-0.01744,1.05765,-0.00552,0.01091
1,0.1,-0.04373,0.25,0.5756,0.00979,-0.02666,0.1,0,-0.01749,1.05756,0.00712,0.00916
1,0.1,-0.02952,0.25,0.5744,0.01237,-0.03471,0.1,0,-0.01181,1.05744,0.0089,0.0229
1,0.1,-0.0368,0.25,0.57323,0.01545,-0.04624,0.1,0,-0.01472,1.05732,0.01083,0.03152
1,0.1,-0.03886,0.25,0.57196,0.02596,-0.04784,0.1,0,-0.01554,1.0572,0.02117,0.0323
1,0.1,-0.02627,0.25,0.57092,0.02518,-0.05823,0.1,0,-0.01051,1.05709,0.01936,0.04773
1,0.1,-0.03092,0.25,0.57082,0.02613,-0.07499,0.1,0,-0.01237,1.05708,0.01864,0.06262
1,0.1,-0.03393,0.25,0.5707,0.03437,-0.08858,0.1,0,-0.01357,1.05707,0.02552,0.07501
1,0.1,-0.02541,0.25,0.57099,0.03471,-0.10323,0.1,0,-0.01017,1.0571,0.02441,0.09307
1,0.1,-0.02682,0.25,0.57188,0.03302,-0.12294,0.1,0,-0.01073,1.05719,0.02076,0.11221
1,0.1,-0.02607,0.25,0.57328,0.02788,-0.07745,0.1,0,-0.01043,1.05733,0.02014,0.06702
1,0.1,0.02693,0.25,0.57268,0.0281,-0.09325,0.1,0,0.01077,1.05727,0.01879,0.10402
1,0.1,0.0137,0.25,0.57449,0.02813,-0.11869,0.1,0,0.00548,1.05745,0.01629,0.12417
1,0.1,0.01858,0.25,0.57596,0.02694,-0.13823,0.1,0,0.00743,1.0576,0.01316,0.14567
1,0.1,0.03077,0.25,0.57804,0.02846,-0.08674,0.1,0,0.01231,1.0578,0.0198,0.09905
1,0.1,0.07777,0.25,0.57646,0.02676,-0.10286,0.1,0,0.03111,1.05765,0.01649,0.13397
1,0.1,0.07625,0.25,0.57863,0.02304,-0.13197,0.1,0,0.0305,1.05786,0.00988,0.16247
1,0.1,0.0856,0.25,0.58048,0.03032,-0.07707,0.1,0,0.03424,1.05805,0.02262,0.11132
1,0.1,0.1335,0.25,0.57902,0.0254,-0.09083,0.1,0,0.0534,1.0579,0.01633,0.14423
1,0.1,0.13933,0.25,0.58106,0.01343,-0.11002,0.1,0,0.05573,1.05811,0.00245,0.16576
1,0.1,0.14348,0.25,0.5823,0.00417,-0.12933,0.1,0,0.05739,1.05823,-0.00872,0.18672
1,0.1,0.17575,0.25,0.58491,0.01803,-0.05088,0.1,0,0.0703,1.05849,0.01294,0.12118
1,0.1,0.21238,0.25,0.58243,0.00638,-0.0466,0.1,0,0.08495,1.05824,0.00172,0.13155
1,0.1,0.23149,0.25,0.58435,0.00862,-0.03692,0.1,0,0.0926,1.05844,0.00493,0.12952
1,0.1,0.2636,0.25,0.58553,0.00064,-0.0376,0.1,0,0.10544,1.05855,-0.00312,0.14304
1,0.1,0.31415,0.25,0.58888,0.01763,0.03135,0.1,0,0.12566,1.05889,0.02076,0.09431
1,0.1,0.29043,0.25,0.58418,0.02686,0.04889,0.1,0,0.11617,1.05842,0.03175,0.06728
1,0.1,0.32619,0.25,0.58598,0.03657,0.07968,0.1,0,0.13048,1.0586,0.04453,0.0508
0.99507,0.1,0.34831,0.25,0.5864,0.03029,0.10447,0.09951,0,0.13864,1.05371,0.04066,0.03417
0.96527,0.1,0.41499,0.25,0.59734,0.04754,0.13868,0.09653,0,0.16023,1.02501,0.06089,0.02155
0.94268,0.1,0.41201,0.25,0.63502,0.06581,0.1498,0.09427,0,0.15536,1.00619,0.07988,0.00556
0.92524,0.1,0.40955,0.25,0.65971,0.08399,0.16312,0.09252,0,0.15157,0.99121,0.09901,-0.01154
0.91559,0.1,0.39775,0.25,0.67875,0.10351,0.17695,0.09156,0,0.14567,0.98346,0.11963,-0.03128
0,0.1,0,0.25,0,-0.02171,-0.4617,0,0,0,0,-0.02171,0.4617
0.1,0.1,0,0.25,1,-0.02171,-0.4617,0.01,0,0,0.2,-0.02617,0.4617
0.19729,0.1,-0.16485,0.25,1,-0.02664,-0.4533,0.01973,0,-0.01301,0.29729,-0.03528,0.44029
0.29193,0.1,-0.19009,0.25,1,-0.03581,-0.4314,0.02919,0,-0.0222,0.39193,-0.04802,0.40921
0.38499,0.1,-0.18858,0.25,1,-0.04851,-0.39714,0.0385,0,-0.02904,0.48499,-0.0634,0.3681
0.47824,0.1,-0.16694,0.25,1,-0.06368,-0.35086,0.04782,0,-0.03194,0.57824,-0.08012,0.31893
0.57327,0.1,-0.13119,0.25,1,-0.08003,-0.29355,0.05733,0,-0.03008,0.67327,-0.09662,0.26346
0.67078,0.1,-0.08611,0.25,1,-0.08973,-0.21782,0.06708,0,-0.0231,0.77078,-0.10422,0.19472
0.76647,0.1,-0.02282,0.25,0.95888,-0.10282,-0.1442,0.07665,0,-0.007,0.86235,-0.11383,0.1372
0.85003,0.1,0.02456,0.25,0.83821,-0.09357,-0.01611,0.085,0,0.00835,0.93385,-0.09494,0.02446
0.92141,0.1,0.08196,0.25,0.74487,-0.09253,0.0306,0.09214,0,0.03021,0.9959,-0.08972,-0.00039
0.98264,0.1,0.10127,0.25,0.66284,-0.08299,0.06889,0.09826,0,0.0398,1.04892,-0.07623,-0.02909
1,0.1,0.1262,0.25,0.59219,-0.0728,0.0948,0.1,0,0.05048,1.05922,-0.06333,-0.04432
1,0.1,0.13472,0.25,0.57756,-0.05998,0.10826,0.1,0,0.05389,1.05776,-0.04917,-0.05438
1,0.1,0.13884,0.25,0.57834,-0.01856,0.10195,0.1,0,0.05554,1.05783,-0.00839,-0.04642
1,0.1,0.12942,0.25,0.57869,-0.0063,0.09356,0.1,0,0.05177,1.05787,0.00304,-0.0418
1,0.1,0.12544,0.25,0.57845,0.00482,0.08549,0.1,0,0.05018,1.05784,0.01336,-0.03531
1,0.1,0.11946,0.25,0.57834,0.02754,0.08742,0.1,0,0.04778,1.05783,0.03627,-0.03963
1,0.1,0.12652,0.25,0.57863,0.05062,0.08154,0.1,0,0.05061,1.05786,0.05876,-0.03093
1,0.1,0.1144,0.25,0.57866,0.06761,0.06794,0.1,0,0.04576,1.05787,0.0744,-0.02219
1,0.1,0.10423,0.25,0.57873,0.08025,0.05426,0.1,0,0.04169,1.05787,0.08567,-0.01257
1,0.1,0.09212,0.25,0.57869,0.09125,0.04011,0.1,0,0.03685,1.05787,0.09526,-0.00326
1,0.1,0.0835,0.25,0.57887,0.09866,0.02704,0.1,0,0.0334,1.05789,0.10137,0.00636
1,0.1,0.07472,0.25,0.57903,0.10659,0.01733,0.1,0,0.02989,1.0579,0.10832,0.01256
1,0.1,0.07192,0.25,0.57941,0.10624,0.00615,0.1,0,0.02877,1.05794,0.10686,0.02262
1,0.1,0.06238,0.25,0.5795,0.10651,-0.00495,0.1,0,0.02495,1.05795,0.10602,0.0299
1,0.1,0.056,0.25,0.57968,0.1019,-0.02001,0.1,0,0.0224,1.05797,0.0999,0.04241
1,0.1,0.04146,0.25,0.57946,0.0974,-0.0312,0.1,0,0.01658,1.05795,0.09428,0.04779
1,0.1,0.03539,0.25,0.57924,0.09325,-0.04245,0.1,0,0.01416,1.05792,0.08901,0.05661
1,0.1,0.02657,0.25,0.57885,0.09273,-0.05739,0.1,0,0.01063,1.05789,0.087,0.06802
1,0.1,0.01641,0.25,0.57835,0.08958,-0.06787,0.1,0,0.00657,1.05784,0.0828,0.07444
1,0.1,0.00993,0.25,0.57765,0.08318,-0.07405,0.1,0,0.00397,1.05777,0.07579,0.07802
1,0.1,0.00567,0.25,0.5769,0.08217,-0.07465,0.1,0,0.00227,1.05769,0.07472,0.07692
1,0.1,0.0116,0.25,0.57613,0.07774,-0.07835,0.1,0,0.00464,1.05761,0.06992,0.08299
1,0.1,0.00759,0.25,0.57541,0.06014,-0.05033,0.1,0,0.00304,1.05754,0.05511,0.05336
1,0.1,0.0331,0.25,0.57769,0.06197,-0.045,0.1,0,0.01324,1.05777,0.05747,0.05824
1,0.1,0.03408,0.25,0.57669,0.06105,-0.05435,0.1,0,0.01363,1.05767,0.05562,0.06799
1,0.1,0.0278,0.25,0.57549,0.06039,-0.06156,0.1,0,0.01112,1.05755,0.05424,0.07269
1,0.1,0.02583,0.25,0.57455,0.05552,-0.01206,0.1,0,0.01033,1.05746,0.05431,0.0224
1,0.1,0.06615,0.25,0.57845,0.05941,-0.02412,0.1,0,0.02646,1.05784,0.057,0.05058
1,0.1,0.04487,0.25,0.57571,0.06343,-0.04926,0.1,0,0.01795,1.05757,0.05851,0.06721
1,0.1,0.03814,0.25,0.57366,0.06834,-0.06057,0.1,0,0.01526,1.05737,0.06228,0.07583
1,0.1,0.03996,0.25,0.57294,0.07182,-0.03679,0.1,0,0.01598,1.05729,0.06814,0.05277
1,0.1,0.05263,0.25,0.57393,0.07383,-0.06903,0.1,0,0.02105,1.05739,0.06693,0.09008
1,0.1,0.03762,0.25,0.57256,0.07644,-0.09389,0.1,0,0.01505,1.05726,0.06707,0.10894
1,0.1,0.03897,0.25,0.57329,0.07849,-0.08011,0.1,0,0.01559,1.05733,0.07049,0.09569
1,0.1,0.04536,0.25,0.5729,0.0715,-0.11794,0.1,0,0.01814,1.05729,0.05973,0.13608
1,0.1,0.04356,0.25,0.57529,0.0718,-0.1401,0.1,0,0.01743,1.05753,0.05783,0.15752
1,0.1,0.06577,0.25,0.57776,0.06625,-0.14168,0.1,0,0.02631,1.05778,0.05213,0.16799
1,0.1,0.07824,0.25,0.57866,0.0526,-0.1522,0.1,0,0.03129,1.05787,0.03744,0.18349
1,0.1,0.10899,0.25,0.58105,0.03978,-0.14521,0.1,0,0.04359,1.0581,0.02531,0.18881
1,0.1,0.15248,0.25,0.58292,0.03398,-0.11248,0.1,0,0.06099,1.05829,0.02275,0.17347
1,0.1,0.19072,0.25,0.58343,0.03577,-0.08005,0.1,0,0.07629,1.05834,0.02777,0.15634
1,0.1,0.20015,0.25,0.58252,0.03246,-0.05532,0.1,0,0.08006,1.05825,0.02693,0.13538
1,0.1,0.24311,0.25,0.58403,0.0316,-0.02283,0.1,0,0.09724,1.0584,0.02931,0.12007
1,0.1,0.28044,0.25,0.58518,0.03368,0.00793,0.1,0,0.11218,1.05852,0.03448,0.10424
0,0.1,0,0.25,0,-0.00787,-0.77254,0,0,0,0,-0.00787,0.77254
0.1,0.1,0,0.25,1,-0.00787,-0.77254,0.01,0,0,0.2,-0.01485,0.77254
0.18791,0.1,-0.34945,0.25,1,-0.01756,-0.76771,0.01879,0,-0.02627,0.28791,-0.03062,0.74144
0.2631,0.1,-0.41819,0.25,1,-0.03511,-0.73916,0.02631,0,-0.04401,0.3631,-0.05283,0.69515
0.32875,0.1,-0.43846,0.25,1,-0.0565,-0.70022,0.03288,0,-0.05766,0.42875,-0.07769,0.64256
0.38966,0.1,-0.43037,0.25,1,-0.08102,-0.6314,0.03897,0,-0.06708,0.48966,-0.10402,0.56432
0.45182,0.1,-0.39568,0.25,1,-0.09834,-0.53298,0.04518,0,-0.07151,0.55182,-0.1213,0.46146
0.52097,0.1,-0.336,0.25,1,-0.11479,-0.43713,0.0521,0,-0.07002,0.62097,-0.13685,0.36712
0.59604,0.1,-0.28428,0.25,1,-0.1244,-0.35096,0.0596,0,-0.06778,0.69604,-0.14489,0.28319
0.67661,0.1,-0.23689,0.25,1,-0.12693,-0.29105,0.06766,0,-0.06411,0.77661,-0.14635,0.22694
0.75774,0.1,-0.20234,0.25,0.9692,-0.12518,-0.27382,0.07577,0,-0.06133,0.85466,-0.14567,0.21249
0.75774,0.1,-0.18262,0.25,0.87215,-0.11178,-0.30537,0.07577,0,-0.05535,0.84496,-0.13456,0.25001
0.8332,0.1,-0.18053,0.25,0.89217,-0.11806,-0.38211,0.08332,0,-0.06017,0.92241,-0.14912,0.32194
0.90071,0.1,-0.16548,0.25,0.79992,-0.14615,-0.47373,0.09007,0,-0.05962,0.98071,-0.18725,0.41411
0.96726,0.1,-0.11806,0.25,0.73321,-0.20395,-0.52627,0.09673,0,-0.04568,1.04058,-0.25254,0.48059
1,0.1,0.00728,0.25,0.66153,-0.27052,-0.44207,0.1,0,0.00291,1.06615,-0.3133,0.44498
1,0.1,0.26887,0.25,0.62897,-0.30712,-0.26089,0.1,0,0.10755,1.0629,-0.33292,0.36843
0.96893,0.1,0.42409,0.25,0.63106,-0.27387,-0.10465,0.09689,0,0.16437,1.03203,-0.284,0.26902
0.94359,0.1,0.42342,0.25,0.66068,-0.18886,0.14646,0.09436,0,0.15981,1.00966,-0.17509,0.01336
0.90981,0.1,0.45095,0.25,0.67262,-0.10875,0.27528,0.09098,0,0.16411,0.97707,-0.08402,-0.11117
0.87602,0.1,0.4658,0.25,0.70668,-0.06637,0.32658,0.0876,0,0.16322,0.94669,-0.03827,-0.16336
0.8604,0.1,0.43808,0.25,0.7411,-0.02857,0.33148,0.08604,0,0.15077,0.93451,-0.00057,-0.18071
0.85053,0.1,0.43042,0.25,0.75495,-0.00305,0.29789,0.08505,0,0.14644,0.92603,0.02191,-0.15145
0.85769,0.1,0.38872,0.25,0.76298,0.02162,0.26009,0.08577,0,0.13336,0.93398,0.04367,-0.12673
0.87227,0.1,0.36212,0.25,0.75078,0.04481,0.22411,0.08723,0,0.12635,0.94735,0.0642,-0.09776
0.89346,0.1,0.3331,0.25,0.73162,0.05114,0.18053,0.08935,0,0.11904,0.96663,0.06718,-0.06148
0.92447,0.1,0.2868,0.25,0.70373,0.07044,0.14706,0.09245,0,0.10605,0.99484,0.08399,-0.041
0.95586,0.1,0.26728,0.25,0.66582,0.08682,0.12334,0.09559,0,0.10219,1.02244,0.09857,-0.02115
0.98815,0.1,0.24571,0.25,0.62884,0.09524,0.09252,0.09881,0,0.09712,1.05103,0.10437,0.0046
1,0.1,0.21142,0.25,0.59008,0.10975,0.07172,0.1,0,0.08457,1.05901,0.11691,0.01285
1,0.1,0.19708,0.25,0.57968,0.12272,0.05485,0.1,0,0.07883,1.05797,0.1282,0.02398
1,0.1,0.17895,0.25,0.58125,0.13288,0.03482,0.1,0,0.07158,1.05813,0.13636,0.03676
1,0.1,0.15835,0.25,0.5813,0.14195,0.01976,0.1,0,0.06334,1.05813,0.14393,0.04358
1,0.1,0.14292,0.25,0.58179,0.14991,0.00725,0.1,0,0.05717,1.05818,0.15063,0.04992
1,0.1,0.128,0.25,0.58229,0.15899,-0.00444,0.1,0,0.0512,1.05823,0.15855,0.05564
1,0.1,0.11555,0.25,0.58303,0.16291,-0.01554,0.1,0,0.04622,1.0583,0.16135,0.06176
1,0.1,0.1003,0.25,0.5833,0.16542,-0.02713,0.1,0,0.04012,1.05833,0.16271,0.06725
1,0.1,0.08601,0.25,0.58352,0.17272,-0.03971,0.1,0,0.0344,1.05835,0.16875,0.07411
1,0.1,0.07388,0.25,0.58425,0.17345,-0.04753,0.1,0,0.02955,1.05842,0.1687,0.07708
1,0.1,0.06124,0.25,0.58436,0.17177,-0.05558,0.1,0,0.02449,1.05844,0.16621,0.08007
1,0.1,0.04923,0.25,0.58424,0.17988,-0.05623,0.1,0,0.01969,1.05842,0.17426,0.07592
1,0.1,0.05031,0.25,0.58528,0.17954,-0.06185,0.1,0,0.02012,1.05853,0.17336,0.08198
1,0.1,0.03568,0.25,0.58521,0.17724,-0.06972,0.1,0,0.01427,1.05852,0.17028,0.08399
1,0.1,0.02488,0.25,0.58504,0.17582,-0.06984,0.1,0,0.00995,1.0585,0.16885,0.07979
1,0.1,0.02344,0.25,0.58502,0.17107,-0.07409,0.1,0,0.00937,1.0585,0.16367,0.08346
1,0.1,0.01187,0.25,0.58459,0.16723,-0.08296,0.1,0,0.00475,1.05846,0.15894,0.08771
1,0.1,0.00092,0.25,0.58423,0.17201,-0.08952,0.1,0,0.00037,1.05842,0.16307,0.08989
1,0.1,-0.00214,0.25,0.58414,0.17103,-0.10544,0.1,0,-0.00086,1.05841,0.1605,0.10459
1,0.1,-0.02095,0.25,0.58253,0.15267,-0.08698,0.1,0,-0.00838,1.05825,0.14398,0.0786
1,0.1,-0.00477,0.25,0.5832,0.15204,-0.08614,0.1,0,-0.00191,1.05832,0.14344,0.08423
1,0.1,-0.00841,0.25,0.58292,0.147,-0.10866,0.1,0,-0.00336,1.05829,0.13616,0.1053
1,0.1,-0.02856,0.25,0.58066,0.13979,-0.1271,0.1,0,-0.01142,1.05807,0.12711,0.11568
1,0.1,-0.03881,0.25,0.57792,0.13198,-0.08205,0.1,0,-0.01553,1.05779,0.12378,0.06652
1,0.1,0.00029,0.25,0.58211,0.12209,-0.08145,0.1,0,0.00012,1.05821,0.11396,0.08157
1,0.1,-0.01517,0.25,0.58061,0.11418,-0.1113,0.1,0,-0.00607,1.05806,0.10307,0.10523
1,0.1,-0.02898,0.25,0.57627,0.1084,-0.07545,0.1,0,-0.01159,1.05763,0.10086,0.06385
1,0.1,-0.0079,0.25,0.58091,0.09978,-0.07025,0.1,0,-0.00316,1.05809,0.09276,0.06709
1,0.1,-0.01478,0.25,0.57984,0.09064,-0.0799,0.1,0,-0.00591,1.05798,0.08266,0.07399
1,0.1,-0.01576,0.25,0.57873,0.08538,-0.10585,0.1,0,-0.0063,1.05787,0.07481,0.09954
1,0.1,-0.00936,0.25,0.57225,0.08412,-0.05647,0.1,0,-0.00375,1.05723,0.07847,0.05272
1,0.1,-0.01701,0.25,0.5799,0.07717,-0.05737,0.1,0,-0.0068,1.05799,0.07144,0.05057
1,0.1,-0.01402,0.25,0.57881,0.07364,-0.06626,0.1,0,-0.00561,1.05788,0.06702,0.06065
1,0.1,0.02705,0.25,0.57343,0.06,-0.09289,0.1,0,0.01082,1.05734,0.05073,0.10371
1,0.1,0.03498,0.25,0.57294,0.07211,-0.05319,0.1,0,0.01399,1.05729,0.06679,0.06718
1,0.1,-0.05157,0.25,0.57876,0.06862,-0.06287,0.1,0,-0.02063,1.05788,0.06233,0.04225
1,0.1,-0.00655,0.25,0.57871,0.05135,-0.05467,0.1,0,-0.00262,1.05787,0.04589,0.05205
1,0.1,0.09839,0.25,0.57307,0.03322,-0.05975,0.1,0,0.03936,1.05731,0.02725,0.0991
1,0.1,0.13944,0.25,0.57913,0.02944,-0.04457,0.1,0,0.05578,1.05791,0.02498,0.10035
1,0.1,0.16116,0.25,0.5793,0.02758,-0.03127,0.1,0,0.06446,1.05793,0.02445,0.09573
1,0.1,0.18861,0.25,0.58035,0.02731,-0.01447,0.1,0,0.07544,1.05804,0.02586,0.08991
0,0.1,0,0.25,0,-0.00965,-0.22651,0,0,0,0,-0.00965,0.22651
0.1,0.1,0,0.25,1,-0.00965,-0.22651,0.01,0,0,0.2,-0.01189,0.22651
0.19878,0.1,-0.11056,0.25,1,-0.01197,-0.22928,0.01988,0,-0.00879,0.29878,-0.01648,0.22049
0.29608,0.1,-0.13454,0.25,1,-0.01684,-0.21873,0.02961,0,-0.01593,0.39608,-0.02327,0.20279
0.39226,0.1,-0.13895,0.25,1,-0.02331,-0.19952,0.03923,0,-0.0218,0.49226,-0.03109,0.17771
0.48816,0.1,-0.12916,0.25,1,-0.02694,-0.16878,0.04882,0,-0.02522,0.58816,-0.03514,0.14356
0.58475,0.1,-0.1077,0.25,1,-0.033,-0.14935,0.05848,0,-0.02519,0.68475,-0.0417,0.12416
0.6821,0.1,-0.0881,0.25,1,-0.03844,-0.14079,0.06821,0,-0.02404,0.7821,-0.04801,0.11675
0.7746,0.1,-0.06779,0.25,0.94286,-0.04411,-0.14363,0.07746,0,-0.021,0.86889,-0.0552,0.12263
0.85699,0.1,-0.04573,0.25,0.83285,-0.03029,-0.12783,0.0857,0,-0.01567,0.94027,-0.04122,0.11215
0.93081,0.1,-0.03187,0.25,0.74296,-0.03049,-0.16689,0.09308,0,-0.01186,1.00511,-0.04595,0.15502
0.99686,0.1,0.0005,0.25,0.66049,-0.0445,-0.19469,0.09969,0,0.0002,1.06291,-0.06378,0.19489
1,0.1,0.04825,0.25,0.58626,-0.06414,-0.18723,0.1,0,0.0193,1.05863,-0.08275,0.20653
1,0.1,0.11706,0.25,0.59302,-0.08392,-0.12046,0.1,0,0.04682,1.0593,-0.09594,0.16728
1,0.1,0.21099,0.25,0.59267,-0.08722,-0.00758,0.1,0,0.08439,1.05927,-0.08798,0.09197
1,0.1,0.2981,0.25,0.59198,-0.07091,0.11897,0.1,0,0.11924,1.0592,-0.05904,0.00027
0.99002,0.1,0.36295,0.25,0.59008,-0.04252,0.20363,0.099,0,0.14373,1.04902,-0.02249,-0.0599
0.97474,0.1,0.38115,0.25,0.60083,-0.00853,0.23997,0.09747,0,0.14861,1.03482,0.01464,-0.09136
0.96003,0.1,0.38665,0.25,0.61807,0.01928,0.23963,0.096,0,0.14848,1.02184,0.04207,-0.09115
0.95295,0.1,0.3733,0.25,0.63404,0.03963,0.20336,0.09529,0,0.14229,1.01635,0.05887,-0.06107
0.96015,0.1,0.33562,0.25,0.63936,0.0635,0.16897,0.09601,0,0.1289,1.02408,0.07964,-0.04007
0.97324,0.1,0.31316,0.25,0.62843,0.08466,0.14213,0.09732,0,0.12191,1.03608,0.09844,-0.02022
0.99091,0.1,0.29122,0.25,0.6123,0.09267,0.10902,0.09909,0,0.11543,1.05214,0.10345,0.00641
1,0.1,0.25513,0.25,0.59014,0.10886,0.08814,0.1,0,0.10205,1.05901,0.11766,0.01391
1,0.1,0.24321,0.25,0.58147,0.12338,0.07349,0.1,0,0.09729,1.05815,0.13073,0.02379
1,0.1,0.22722,0.25,0.58296,0.12579,0.04384,0.1,0,0.09089,1.0583,0.13017,0.04705
1,0.1,0.1894,0.25,0.58181,0.13579,0.02897,0.1,0,0.07576,1.05818,0.13869,0.04679
1,0.1,0.18253,0.25,0.5824,0.14425,0.021,0.1,0,0.07301,1.05824,0.14635,0.05201
1,0.1,0.17039,0.25,0.58269,0.14786,0.00586,0.1,0,0.06816,1.05827,0.14844,0.0623
1,0.1,0.1503,0.25,0.58254,0.15297,-0.00596,0.1,0,0.06012,1.05825,0.15237,0.06608
1,0.1,0.13938,0.25,0.58276,0.15503,-0.01206,0.1,0,0.05575,1.05828,0.15382,0.06781
1,0.1,0.13166,0.25,0.58289,0.14899,-0.02853,0.1,0,0.05266,1.05829,0.14614,0.08119
1,0.1,0.10678,0.25,0.58213,0.14797,-0.03608,0.1,0,0.04271,1.05821,0.14437,0.07879
1,0.1,0.10184,0.25,0.58215,0.14476,-0.03852,0.1,0,0.04074,1.05822,0.14091,0.07926
1,0.1,0.09388,0.25,0.5819,0.14753,-0.03529,0.1,0,0.03755,1.05819,0.14401,0.07284
1,0.1,0.09719,0.25,0.58222,0.14535,-0.0372,0.1,0,0.03888,1.05822,0.14163,0.07608
1,0.1,0.08678,0.25,0.58193,0.14269,-0.04156,0.1,0,0.03471,1.05819,0.13853,0.07628
1,0.1,0.07881,0.25,0.58168,0.14181,-0.0453,0.1,0,0.03152,1.05817,0.13728,0.07683
1,0.1,0.07212,0.25,0.58161,0.14157,-0.04593,0.1,0,0.02885,1.05816,0.13698,0.07478
1,0.1,0.06654,0.25,0.58164,0.13976,-0.04908,0.1,0,0.02662,1.05816,0.13485,0.0757
1,0.1,0.05728,0.25,0.58155,0.14178,-0.04993,0.1,0,0.02291,1.05816,0.13679,0.07285
1,0.1,0.05484,0.25,0.58185,0.13915,-0.05254,0.1,0,0.02194,1.05818,0.1339,0.07448
1,0.1,0.04501,0.25,0.58168,0.13832,-0.05548,0.1,0,0.01801,1.05817,0.13278,0.07348
1,0.1,0.03864,0.25,0.58173,0.14078,-0.05531,0.1,0,0.01545,1.05817,0.13525,0.07076
1,0.1,0.03771,0.25,0.58204,0.13628,-0.05787,0.1,0,0.01508,1.0582,0.1305,0.07295
1,0.1,0.02779,0.25,0.58169,0.13166,-0.06096,0.1,0,0.01112,1.05817,0.12557,0.07208
1,0.1,0.0211,0.25,0.58144,0.13622,-0.0571,0.1,0,0.00844,1.05814,0.13051,0.06554
1,0.1,0.02514,0.25,0.58199,0.13111,-0.06055,0.1,0,0.01006,1.0582,0.12506,0.07061
1,0.1,0.01343,0.25,0.58156,0.12609,-0.06442,0.1,0,0.00537,1.05816,0.11966,0.06979
1,0.1,0.00774,0.25,0.58128,0.13231,-0.06312,0.1,0,0.0031,1.05813,0.126,0.06622
1,0.1,0.01193,0.25,0.58174,0.13435,-0.07509,0.1,0,0.00477,1.05817,0.12684,0.07986
1,0.1,-0.0041,0.25,0.58122,0.13208,-0.08854,0.1,0,-0.00164,1.05812,0.12323,0.0869
1,0.1,-0.01516,0.25,0.58001,0.13572,-0.09725,0.1,0,-0.00606,1.058,0.12601,0.09118
1,0.1,-0.02059,0.25,0.57852,0.11896,-0.07089,0.1,0,-0.00824,1.05785,0.11187,0.06265
1,0.1,0.00042,0.25,0.58055,0.11786,-0.08264,0.1,0,0.00017,1.05806,0.10961,0.0828
1,0.1,-0.01812,0.25,0.57828,0.1183,-0.09628,0.1,0,-0.00725,1.05783,0.10869,0.08903
1,0.1,-0.02116,0.25,0.57585,0.11628,-0.10933,0.1,0,-0.00847,1.05759,0.10537,0.10086
1,0.1,-0.03183,0.25,0.57342,0.10193,-0.07939,0.1,0,-0.01273,1.05734,0.094,0.06666
1,0.1,-0.00549,0.25,0.57748,0.09509,-0.0856,0.1,0,-0.00219,1.05775,0.08654,0.08341
1,0.1,-0.01294,0.25,0.57405,0.08903,-0.10701,0.1,0,-0.00518,1.0574,0.07835,0.10183
1,0.1,-0.02353,0.25,0.57211,0.08176,-0.06667,0.1,0,-0.00941,1.05721,0.07509,0.05726
1,0.1,-0.00203,0.25,0.57802,0.07869,-0.08401,0.1,0,-0.00081,1.0578,0.0703,0.0832
1,0.1,-0.0071,0.25,0.57294,0.07254,-0.10676,0.1,0,-0.00284,1.05729,0.06188,0.10392
1,0.1,-0.00893,0.25,0.57161,0.06284,-0.13326,0.1,0,-0.00357,1.05716,0.04956,0.12968
1,0.1,-0.01608,0.25,0.57225,0.06098,-0.0789,0.1,0,-0.00643,1.05723,0.0531,0.07247
1,0.1,0.00609,0.25,0.57304,0.04989,-0.08253,0.1,0,0.00244,1.0573,0.04165,0.08497
1,0.1,0.02809,0.25,0.57246,0.03732,-0.09631,0.1,0,0.01124,1.05725,0.02771,0.10755
1,0.1,0.04082,0.25,0.57416,0.01707,-0.11962,0.1,0,0.01633,1.05742,0.00514,0.13594
1,0.1,0.04825,0.25,0.57696,0.02951,-0.05789,0.1,0,0.0193,1.0577,0.02373,0.07719
1,0.1,0.02469,0.25,0.57317,0.01901,-0.05314,0.1,0,0.00988,1.05732,0.01369,0.06301
1,0.1,0.10266,0.25,0.57534,0.00475,-0.0471,0.1,0,0.04106,1.05753,4E-05,0.08816
1,0.1,0.14996,0.25,0.57957,-0.01172,-0.0608,0.1,0,0.05998,1.05796,-0.0178,0.12078
1,0.1,0.19016,0.25,0.58352,-0.01394,-0.02919,0.1,0,0.07606,1.05835,-0.01685,0.10525
1,0.1,0.23142,0.25,0.58422,-0.01274,0.00339,0.1,0,0.09257,1.05842,-0.0124,0.08918
1,0.1,0.27333,0.25,0.58549,-0.00835,0.03727,0.1,0,0.10933,1.05855,-0.00462,0.07207
1,0.1,0.31786,0.25,0.58695,-0.0008,0.07473,0.1,0,0.12715,1.05869,0.00667,0.05241
0,0.1,0,0.25,0,0.00798,-0.76558,0,0,0,0,0.00798,0.76558
0.1,0.1,0,0.25,1,0.00798,-0.76558,0.01,0,0,0.2,0.00105,0.76558
0.19122,0.1,-0.29734,0.25,1,-0.00156,-0.75766,0.01912,0,-0.02274,0.29122,-0.0147,0.73492
0.27389,0.1,-0.34676,0.25,1,-0.01909,-0.72936,0.02739,0,-0.03799,0.37389,-0.03734,0.69137
0.35085,0.1,-0.35286,0.25,1,-0.04223,-0.68303,0.03509,0,-0.04952,0.45085,-0.06437,0.63351
0.42678,0.1,-0.32824,0.25,1,-0.06817,-0.61863,0.04268,0,-0.05604,0.52678,-0.09292,0.56259
0.50597,0.1,-0.28205,0.25,1,-0.08274,-0.52973,0.0506,0,-0.05708,0.60597,-0.1083,0.47265
0.59246,0.1,-0.21156,0.25,1,-0.10496,-0.43971,0.05925,0,-0.05014,0.69246,-0.13018,0.38958
0.68522,0.1,-0.14469,0.25,1,-0.12318,-0.35635,0.06852,0,-0.03966,0.78522,-0.14709,0.31669
0.77858,0.1,-0.07667,0.25,0.95648,-0.13977,-0.28995,0.07786,0,-0.02388,0.87422,-0.16203,0.26607
0.86272,0.1,-0.00915,0.25,0.84184,-0.15414,-0.23125,0.08627,0,-0.00316,0.94691,-0.17391,0.22809
0.93575,0.1,0.06189,0.25,0.74822,-0.16932,-0.15802,0.09358,0,0.02316,1.01057,-0.18405,0.18119
0.98962,0.1,0.15934,0.25,0.66568,-0.18322,-0.05149,0.09896,0,0.06307,1.05619,-0.18832,0.11457
1,0.1,0.2556,0.25,0.60515,-0.18417,0.09629,0.1,0,0.10224,1.06051,-0.17456,0.00595
1,0.1,0.34457,0.25,0.59733,-0.17501,0.22498,0.1,0,0.13783,1.05973,-0.1527,-0.08716
0.98206,0.1,0.38466,0.25,0.59482,-0.14145,0.31347,0.09821,0,0.1511,1.04155,-0.11117,-0.16237
0.9499,0.1,0.42722,0.25,0.61645,-0.10137,0.33302,0.09499,0,0.16233,1.01155,-0.07032,-0.1707
0.9499,0.1,0.41091,0.25,0.65285,-0.07513,0.30671,0.09499,0,0.15613,1.01519,-0.04645,-0.15058
0.94503,0.1,0.37194,0.25,0.6449,-0.04609,0.26092,0.0945,0,0.1406,1.00952,-0.02171,-0.12032
0.95255,0.1,0.33902,0.25,0.65009,-0.01757,0.22387,0.09525,0,0.12917,1.01756,0.00358,-0.0947
0.96904,0.1,0.306,0.25,0.63696,0.0114,0.19047,0.0969,0,0.11861,1.03273,0.02974,-0.07186
0.98999,0.1,0.28156,0.25,0.61533,0.0392,0.16134,0.099,0,0.1115,1.05152,0.0551,-0.04984
1,0.1,0.25534,0.25,0.58976,0.06086,0.1314,0.1,0,0.10214,1.05898,0.07397,-0.02926
1,0.1,0.22372,0.25,0.57944,0.08107,0.11008,0.1,0,0.08949,1.05794,0.09205,-0.02059
1,0.1,0.20975,0.25,0.58092,0.09743,0.09172,0.1,0,0.0839,1.05809,0.10658,-0.00782
1,0.1,0.19019,0.25,0.58097,0.11224,0.07163,0.1,0,0.07608,1.0581,0.1194,0.00445
1,0.1,0.17215,0.25,0.58139,0.12787,0.05345,0.1,0,0.06886,1.05814,0.13322,0.01541
1,0.1,0.15597,0.25,0.58209,0.13799,0.03829,0.1,0,0.06239,1.05821,0.14182,0.02409
1,0.1,0.14064,0.25,0.58251,0.14632,0.0196,0.1,0,0.05625,1.05825,0.14828,0.03665
1,0.1,0.1229,0.25,0.58282,0.15414,0.00198,0.1,0,0.04916,1.05828,0.15434,0.04718
1,0.1,0.10641,0.25,0.58329,0.15951,-0.01123,0.1,0,0.04256,1.05833,0.15838,0.05379
1,0.1,0.09364,0.25,0.58361,0.16703,-0.01867,0.1,0,0.03745,1.05836,0.16516,0.05612
1,0.1,0.08863,0.25,0.58426,0.1661,-0.02975,0.1,0,0.03545,1.05843,0.16313,0.0652
1,0.1,0.07219,0.25,0.58397,0.16751,-0.04347,0.1,0,0.02888,1.0584,0.16317,0.07234
1,0.1,0.0587,0.25,0.58408,0.16865,-0.04949,0.1,0,0.02348,1.05841,0.16371,0.07296
1,0.1,0.05233,0.25,0.58421,0.16454,-0.05528,0.1,0,0.02093,1.05842,0.15902,0.07621
1,0.1,0.041,0.25,0.5838,0.15903,-0.06271,0.1,0,0.0164,1.05838,0.15276,0.07911
1,0.1,0.0304,0.25,0.58332,0.16069,-0.06736,0.1,0,0.01216,1.05833,0.15396,0.07952
1,0.1,0.02753,0.25,0.58357,0.15777,-0.07366,0.1,0,0.01101,1.05836,0.15042,0.08467
1,0.1,0.01551,0.25,0.58332,0.16294,-0.09843,0.1,0,0.0062,1.05833,0.15311,0.10464
1,0.1,-0.00933,0.25,0.58302,0.16855,-0.11304,0.1,0,-0.00373,1.0583,0.15727,0.10931
1,0.1,-0.01613,0.25,0.58163,0.16357,-0.1216,0.1,0,-0.00645,1.05816,0.15144,0.11515
1,0.1,-0.02578,0.25,0.58028,0.132,-0.07178,0.1,0,-0.01031,1.05803,0.12483,0.06146
1,0.1,0.01506,0.25,0.58179,0.1439,-0.09399,0.1,0,0.00602,1.05818,0.13452,0.10001
1,0.1,-0.01341,0.25,0.5799,0.14128,-0.10832,0.1,0,-0.00536,1.05799,0.13047,0.10296
1,0.1,-0.02057,0.25,0.57824,0.14116,-0.12606,0.1,0,-0.00823,1.05782,0.12859,0.11784
1,0.1,-0.03526,0.25,0.57478,0.12629,-0.06518,0.1,0,-0.0141,1.05748,0.11978,0.05107
1,0.1,0.0181,0.25,0.58187,0.12767,-0.10064,0.1,0,0.00724,1.05819,0.11762,0.10788
1,0.1,-0.02387,0.25,0.5737,0.12422,-0.11456,0.1,0,-0.00955,1.05737,0.11279,0.10501
1,0.1,-0.02387,0.25,0.57322,0.12889,-0.13774,0.1,0,-0.00955,1.05732,0.11516,0.12819
1,0.1,-0.03379,0.25,0.57118,0.11462,-0.08342,0.1,0,-0.01352,1.05712,0.10629,0.0699
1,0.1,0.00786,0.25,0.57564,0.10974,-0.12221,0.1,0,0.00314,1.05756,0.09755,0.12535
1,0.1,-0.0196,0.25,0.57115,0.11279,-0.12213,0.1,0,-0.00784,1.05711,0.10061,0.11429
1,0.1,-0.00568,0.25,0.57167,0.10136,-0.15619,0.1,0,-0.00227,1.05717,0.0858,0.15392
1,0.1,-0.01978,0.25,0.57279,0.09443,-0.09007,0.1,0,-0.00791,1.05728,0.08544,0.08215
1,0.1,0.02284,0.25,0.57239,0.08723,-0.11807,0.1,0,0.00914,1.05724,0.07545,0.1272
1,0.1,0.0345,0.25,0.57376,0.08082,-0.12905,0.1,0,0.0138,1.05738,0.06795,0.14285
1,0.1,0.02053,0.25,0.57377,0.06364,-0.17247,0.1,0,0.00821,1.05738,0.04648,0.18068
1,0.1,0.02448,0.25,0.57719,0.07035,-0.08394,0.1,0,0.00979,1.05772,0.06197,0.09373
1,0.1,0.08346,0.25,0.5738,0.05405,-0.09096,0.1,0,0.03338,1.05738,0.04497,0.12435
1,0.1,0.11281,0.25,0.57793,0.04547,-0.11488,0.1,0,0.04513,1.05779,0.03401,0.16001
1,0.1,0.07776,0.25,0.57751,0.02184,-0.14505,0.1,0,0.0311,1.05775,0.00738,0.17616
1,0.1,0.1458,0.25,0.583,0.01106,-0.10198,0.1,0,0.05832,1.0583,0.00088,0.1603
1,0.1,0.18692,0.25,0.58332,0.00538,-0.06609,0.1,0,0.07477,1.05833,-0.00123,0.14086
1,0.1,0.22936,0.25,0.5845,0.00319,-0.03152,0.1,0,0.09174,1.05845,4E-05,0.12327
1,0.1,0.26944,0.25,0.58564,0.0037,0.00089,0.1,0,0.10778,1.05856,0.00379,0.10688
1,0.1,0.30945,0.25,0.58698,0.00609,0.03335,0.1,0,0.12378,1.0587,0.00943,0.09043
0,0.1,0,0.25,0,-0.0074,-0.61145,0,0,0,0,-0.0074,0.61145
0.1,0.1,0,0.25,1,-0.0074,-0.61145,0.01,0,0,0.2,-0.01314,0.61145
0.19234,0.1,-0.27771,0.25,1,-0.01439,-0.60853,0.01923,0,-0.02137,0.29234,-0.02538,0.58717
0.27611,0.1,-0.33478,0.25,1,-0.02797,-0.57958,0.02761,0,-0.03697,0.37611,-0.04309,0.54261
0.35334,0.1,-0.34975,0.25,1,-0.04549,-0.53013,0.03533,0,-0.04943,0.45334,-0.06335,0.4807
0.42809,0.1,-0.33535,0.25,1,-0.0639,-0.46392,0.04281,0,-0.05742,0.52809,-0.08306,0.4065
0.50408,0.1,-0.30265,0.25,1,-0.06987,-0.44284,0.05041,0,-0.06102,0.60408,-0.09147,0.38182
0.58224,0.1,-0.26973,0.25,1,-0.0844,-0.35626,0.05822,0,-0.06282,0.68224,-0.10471,0.29344
0.66612,0.1,-0.21785,0.25,1,-0.09133,-0.28165,0.06661,0,-0.05805,0.76612,-0.10984,0.22361
0.75172,0.1,-0.17586,0.25,0.97376,-0.09224,-0.2422,0.07517,0,-0.05288,0.84909,-0.11027,0.18932
0.82941,0.1,-0.14824,0.25,0.86887,-0.09107,-0.2462,0.08294,0,-0.04918,0.91629,-0.11129,0.19702
0.90017,0.1,-0.13156,0.25,0.78613,-0.09213,-0.29952,0.09002,0,-0.04737,0.97879,-0.11869,0.25215
0.96538,0.1,-0.10998,0.25,0.71072,-0.1066,-0.37097,0.09654,0,-0.04247,1.03645,-0.14159,0.3285
1,0.1,-0.07769,0.25,0.64163,-0.14013,-0.4359,0.1,0,-0.03108,1.06416,-0.18235,0.40482
1,0.1,-0.00964,0.25,0.61171,-0.19342,-0.44198,0.1,0,-0.00385,1.06117,-0.23619,0.43812
1,0.1,0.15347,0.25,0.62141,-0.23627,-0.32195,0.1,0,0.06139,1.06214,-0.26791,0.38334
1,0.1,0.313,0.25,0.62159,-0.21801,-0.05309,0.1,0,0.1252,1.06216,-0.22332,0.17829
0.9568,0.1,0.44716,0.25,0.61133,-0.14201,0.22818,0.09568,0,0.17114,1.01793,-0.12037,-0.05704
0.89575,0.1,0.50334,0.25,0.6577,-0.05724,0.34411,0.08957,0,0.18034,0.96152,-0.02702,-0.16376
0.85053,0.1,0.49847,0.25,0.72614,-0.00391,0.37416,0.08505,0,0.16959,0.92314,0.02718,-0.20457
0.82155,0.1,0.48363,0.25,0.77451,0.01211,0.33579,0.08216,0,0.15893,0.899,0.03919,-0.17686
0.82111,0.1,0.42614,0.25,0.80203,0.03371,0.28694,0.08211,0,0.13996,0.90131,0.05695,-0.14698
0.83194,0.1,0.39352,0.25,0.79683,0.03822,0.22491,0.08319,0,0.13095,0.91162,0.05678,-0.09396
0.85909,0.1,0.33569,0.25,0.77939,0.05631,0.18131,0.08591,0,0.11535,0.93703,0.0718,-0.06596
0.88885,0.1,0.31063,0.25,0.7443,0.07157,0.14832,0.08888,0,0.11044,0.96328,0.08471,-0.03788
0.92114,0.1,0.2843,0.25,0.70815,0.08123,0.11071,0.09211,0,0.10475,0.99195,0.09141,-0.00595
0.95784,0.1,0.24761,0.25,0.66832,0.09612,0.08605,0.09578,0,0.09487,1.02467,0.10435,0.00882
0.99335,0.1,0.23028,0.25,0.62447,0.11254,0.07024,0.09934,0,0.0915,1.0558,0.11951,0.02126
1,0.1,0.21206,0.25,0.58352,0.12805,0.05677,0.1,0,0.08482,1.05835,0.13372,0.02806
1,0.1,0.1951,0.25,0.58077,0.13464,0.03271,0.1,0,0.07804,1.05808,0.13791,0.04533
1,0.1,0.16193,0.25,0.58099,0.14079,0.03762,0.1,0,0.06477,1.0581,0.14455,0.02715
1,0.1,0.17548,0.25,0.58253,0.15656,0.00924,0.1,0,0.07019,1.05825,0.15748,0.06096
1,0.1,0.12438,0.25,0.58265,0.1548,-0.01422,0.1,0,0.04975,1.05827,0.15338,0.06397
1,0.1,0.10343,0.25,0.58248,0.15929,-0.02234,0.1,0,0.04137,1.05825,0.15706,0.06372
1,0.1,0.09283,0.25,0.58312,0.16206,-0.03006,0.1,0,0.03713,1.05831,0.15905,0.06719
1,0.1,0.08027,0.25,0.58338,0.17024,-0.03562,0.1,0,0.03211,1.05834,0.16668,0.06773
1,0.1,0.07451,0.25,0.58431,0.17132,-0.04294,0.1,0,0.02981,1.05843,0.16703,0.07274
1,0.1,0.06072,0.25,0.58437,0.17093,-0.05087,0.1,0,0.02429,1.05844,0.16585,0.07515
1,0.1,0.04934,0.25,0.5844,0.16992,-0.0586,0.1,0,0.01973,1.05844,0.16406,0.07833
1,0.1,0.03792,0.25,0.58435,0.1694,-0.06219,0.1,0,0.01517,1.05844,0.16319,0.07736
1,0.1,0.03213,0.25,0.5844,0.16642,-0.06833,0.1,0,0.01285,1.05844,0.1596,0.08118
1,0.1,0.0206,0.25,0.58413,0.16544,-0.0691,0.1,0,0.00824,1.05841,0.15854,0.07734
1,0.1,0.01928,0.25,0.58414,0.16089,-0.07466,0.1,0,0.00771,1.05841,0.15344,0.08237
1,0.1,0.00776,0.25,0.5837,0.15534,-0.08128,0.1,0,0.0031,1.05837,0.14722,0.08438
1,0.1,-0.00059,0.25,0.58323,0.15172,-0.08253,0.1,0,-0.00024,1.05832,0.14347,0.08229
1,0.1,-0.00249,0.25,0.58296,0.14393,-0.08654,0.1,0,-0.001,1.0583,0.13529,0.08555
1,0.1,-0.01118,0.25,0.58233,0.13386,-0.08895,0.1,0,-0.00447,1.05823,0.12497,0.08448
1,0.1,-0.01539,0.25,0.58168,0.13036,-0.07654,0.1,0,-0.00616,1.05817,0.12271,0.07038
1,0.1,-0.00047,0.25,0.58161,0.11718,-0.06897,0.1,0,-0.00019,1.05816,0.11029,0.06878
1,0.1,-0.00445,0.25,0.58059,0.11481,-0.08872,0.1,0,-0.00178,1.05806,0.10595,0.08694
1,0.1,-0.02435,0.25,0.58058,0.11469,-0.07815,0.1,0,-0.00974,1.05806,0.10688,0.0684
1,0.1,-0.00503,0.25,0.58066,0.10507,-0.06873,0.1,0,-0.00201,1.05807,0.0982,0.06671
1,0.1,-0.00969,0.25,0.58009,0.09462,-0.05761,0.1,0,-0.00387,1.05801,0.08886,0.05374
1,0.1,-0.00548,0.25,0.57908,0.09926,-0.06927,0.1,0,-0.00219,1.05791,0.09234,0.06708
1,0.1,-0.01024,0.25,0.57994,0.09236,-0.0642,0.1,0,-0.0041,1.05799,0.08595,0.0601
1,0.1,-0.01045,0.25,0.57958,0.08519,-0.05371,0.1,0,-0.00418,1.05796,0.07982,0.04953
1,0.1,-0.00937,0.25,0.57899,0.08195,-0.034,0.1,0,-0.00375,1.0579,0.07855,0.03025
1,0.1,-0.00069,0.25,0.57764,0.07667,-0.06664,0.1,0,-0.00028,1.05776,0.07001,0.06637
1,0.1,-0.02138,0.25,0.57898,0.07164,-0.05909,0.1,0,-0.00855,1.0579,0.06573,0.05054
1,0.1,-0.01876,0.25,0.57874,0.07359,-0.03433,0.1,0,-0.0075,1.05787,0.07016,0.02682
1,0.1,-0.00889,0.25,0.57757,0.07046,-0.01197,0.1,0,-0.00356,1.05776,0.06926,0.00841
1,0.1,-0.01246,0.25,0.57598,0.06009,-0.0548,0.1,0,-0.00499,1.0576,0.05461,0.04981
1,0.1,-0.01244,0.25,0.57847,0.05806,-0.04725,0.1,0,-0.00498,1.05785,0.05334,0.04228
1,0.1,-0.02974,0.25,0.57791,0.05787,-0.02981,0.1,0,-0.0119,1.05779,0.05489,0.01792
1,0.1,-0.04521,0.25,0.57551,0.05778,-0.00864,0.1,0,-0.01808,1.05755,0.05692,-0.00944
1,0.1,-0.05288,0.25,0.57596,0.04711,-0.03405,0.1,0,-0.02115,1.0576,0.0437,0.0129
1,0.1,0.01913,0.25,0.57804,0.04885,-0.02001,0.1,0,0.00765,1.0578,0.04685,0.02766
1,0.1,-0.05031,0.25,0.57593,0.0553,-0.02483,0.1,0,-0.02012,1.05759,0.05282,0.00471
1,0.1,-0.11118,0.25,0.57728,0.05152,-0.03734,0.1,0,-0.04447,1.05773,0.04779,-0.00713
1,0.1,-0.11734,0.25,0.57745,0.0462,-0.03897,0.1,0,-0.04694,1.05775,0.04231,-0.00797
1,0.1,-0.13429,0.25,0.57778,0.04052,-0.04408,0.1,0,-0.05371,1.05778,0.03611,-0.00963
0,0.1,0,0.25,0,-0.03551,1.15736,0,0,0,0,-0.03551,-1.15736
0.1,0.1,0,0.25,1,-0.03551,1.15736,0.01,0,0,0.2,-0.02636,-1.15736
0.18316,0.1,0.41326,0.25,1,-0.0132,1.14145,0.01832,0,0.03028,0.28316,0.00346,-1.11117
0.25276,0.1,0.46766,0.25,1,0.02181,1.11047,0.02528,0,0.04728,0.35276,0.04445,-1.06319
0.31368,0.1,0.47514,0.25,1,0.06359,1.04235,0.03137,0,0.05962,0.41368,0.09068,-0.98273
0.3735,0.1,0.44442,0.25,1,0.07743,0.93367,0.03735,0,0.0664,0.4735,0.10745,-0.86727
0.43686,0.1,0.39596,0.25,1,0.10649,0.76358,0.04369,0,0.06919,0.53686,0.1367,-0.69439
0.50988,0.1,0.31836,0.25,1,0.0635,0.118,0.05099,0,0.06493,0.60988,0.06951,-0.05307
0.60316,0.1,0.14867,0.25,1,0.05921,0.02488,0.06032,0,0.03587,0.70316,0.06071,0.01098
0.69354,0.1,0.16561,0.25,1,0.05621,0.00415,0.06935,0,0.04594,0.79354,0.0565,0.04179
0.77302,0.1,0.18372,0.25,0.92714,0.05204,0.00046,0.0773,0,0.05681,0.86573,0.05207,0.05635
0.83789,0.1,0.20806,0.25,0.83342,0.04684,0.01156,0.08379,0,0.06973,0.92123,0.0478,0.05818
0.88943,0.1,0.23244,0.25,0.76115,0.04631,0.03482,0.08894,0,0.08269,0.96554,0.0494,0.04788
0.92836,0.1,0.25652,0.25,0.70341,0.04979,0.05977,0.09284,0,0.09526,0.9987,0.05533,0.03549
0.95741,0.1,0.27351,0.25,0.66005,0.05722,0.07901,0.09574,0,0.10474,1.02341,0.06477,0.02574
0.97982,0.1,0.2822,0.25,0.62764,-0.00158,0.13592,0.09798,0,0.1106,1.04258,0.0117,-0.02532
0.98663,0.1,0.32281,0.25,0.60549,0.01984,0.14346,0.09866,0,0.1274,1.04718,0.03394,-0.01606
0.99989,0.1,0.29926,0.25,0.5977,0.03972,0.12505,0.09999,0,0.11969,1.05966,0.05219,-0.00535
1,0.1,0.27981,0.25,0.57958,0.03905,0.10251,0.1,0,0.11192,1.05796,0.04928,0.00941
1,0.1,0.24287,0.25,0.57824,0.04025,0.08049,0.1,0,0.09715,1.05782,0.04829,0.01666
1,0.1,0.23253,0.25,0.57164,0.04677,0.04439,0.1,0,0.09301,1.05716,0.0512,0.04862
1,0.1,0.20045,0.25,0.57249,0.03403,0.04472,0.1,0,0.08018,1.05725,0.0385,0.03546
1,0.1,0.19541,0.25,0.55893,0.02814,0.05989,0.1,0,0.07817,1.05589,0.03413,0.01827
1,0.1,0.19795,0.25,0.55505,0.02817,0.07511,0.1,0,0.07918,1.0555,0.03567,0.00407
1,0.1,0.19442,0.25,0.55867,0.03372,0.08383,0.1,0,0.07777,1.05587,0.0421,-0.00606
1,0.1,0.18427,0.25,0.56304,0.0415,0.10035,0.1,0,0.07371,1.0563,0.05152,-0.02664
1,0.1,0.17997,0.25,0.56835,0.04994,0.11556,0.1,0,0.07199,1.05683,0.06147,-0.04358
1,0.1,0.16879,0.25,0.57202,0.06261,0.12445,0.1,0,0.06751,1.0572,0.07502,-0.05693
1,0.1,0.15383,0.25,0.57528,0.07692,0.12991,0.1,0,0.06153,1.05753,0.08987,-0.06838
1,0.1,0.13489,0.25,0.57826,0.08871,0.13363,0.1,0,0.05396,1.05783,0.10203,-0.07967
1,0.1,0.1129,0.25,0.58095,0.10134,0.13487,0.1,0,0.04516,1.0581,0.11478,-0.08971
1,0.1,0.08851,0.25,0.5835,0.12307,0.13239,0.1,0,0.03541,1.05835,0.13627,-0.09698
1,0.1,0.06703,0.25,0.58649,0.13483,0.12223,0.1,0,0.02681,1.05865,0.14702,-0.09542
1,0.1,0.02691,0.25,0.58824,0.14545,0.10673,0.1,0,0.01077,1.05882,0.1561,-0.09597
1,0.1,-0.01314,0.25,0.59,0.15761,0.08899,0.1,0,-0.00526,1.059,0.1665,-0.09425
1,0.1,-0.0481,0.25,0.59164,0.16593,0.06705,0.1,0,-0.01924,1.05916,0.17263,-0.08629
1,0.1,-0.09953,0.25,0.59319,0.16845,0.03652,0.1,0,-0.03981,1.05932,0.1721,-0.07633
1,0.1,-0.15121,0.25,0.59393,0.17415,0.00483,0.1,0,-0.06048,1.05939,0.17464,-0.06531
1,0.1,-0.19449,0.25,0.59502,0.16658,-0.04202,0.1,0,-0.0778,1.0595,0.16238,-0.03578
1,0.1,-0.24026,0.25,0.59386,0.15588,-0.08871,0.1,0,-0.0961,1.05939,0.14702,-0.00739
1,0.1,-0.29071,0.25,0.59347,0.14018,-0.13372,0.1,0,-0.11628,1.05935,0.12685,0.01744
0.9999,0.1,-0.33643,0.25,0.59289,0.12021,-0.17536,0.09999,0,-0.13456,1.05919,0.10276,0.0408
0.98287,0.1,-0.38193,0.25,0.5928,0.09662,-0.21704,0.09829,0,-0.15016,1.04215,0.07546,0.06688
0,0.1,0,0.25,0,0.53447,1.16881,0,0,0,0,0.53447,-1.16881
0,0.1,0,0.25,1,0.53447,1.16881,0,0,0,0.1,0.53447,-1.16881
0.08663,0.1,0.523,0.25,1,0.53447,1.16881,0.00866,0,0.01812,0.18663,0.54244,-1.15069
0.16168,0.1,0.523,0.25,1,0.53876,1.16653,0.01617,0,0.03382,0.26168,0.55362,-1.1327
0.2267,0.1,0.523,0.25,1,0.54734,1.16069,0.02267,0,0.04743,0.3267,0.56813,-1.11326
0.28303,0.1,0.523,0.25,1,0.56013,1.14947,0.0283,0,0.05921,0.38303,0.58595,-1.09026
0.33183,0.1,0.523,0.25,1,0.57647,1.13124,0.03318,0,0.06942,0.43183,0.6065,-1.06182
0.3741,0.1,0.523,0.25,1,0.59517,1.10491,0.03741,0,0.07826,0.4741,0.62859,-1.02665
0.41073,0.1,0.523,0.25,1,0.61473,1.06997,0.04107,0,0.08592,0.51073,0.65076,-0.98405
0.44246,0.1,0.523,0.25,1,0.62758,1.02327,0.04425,0,0.09256,0.54246,0.66535,-0.93071
0.46994,0.1,0.523,0.25,1,0.64579,0.97079,0.04699,0,0.09831,0.56994,0.68458,-0.87247
0.49376,0.1,0.523,0.25,1,0.64709,0.8929,0.04938,0,0.10329,0.59376,0.68554,-0.7896
0.51439,0.1,0.523,0.25,1,0.66069,0.82686,0.05144,0,0.10761,0.61439,0.69853,-0.71925
0.53226,0.1,0.523,0.25,1,0.66158,0.74377,0.05323,0,0.11135,0.63226,0.69762,-0.63242
0.54774,0.1,0.523,0.25,1,0.67291,0.66598,0.05477,0,0.11459,0.64774,0.70675,-0.55139
0.56115,0.1,0.523,0.25,1,0.68299,0.58373,0.05612,0,0.11739,0.66115,0.71392,-0.46634
0.57277,0.1,0.523,0.25,1,0.68383,0.4871,0.05728,0,0.11982,0.67277,0.71063,-0.36727
0.58284,0.1,0.523,0.25,1,0.69238,0.39644,0.05828,0,0.12193,0.68284,0.71489,-0.27451
0.60685,0.1,0.47628,0.25,1,0.7003,0.3025,0.06068,0,0.11561,0.70685,0.71838,-0.18689
0.6528,0.1,0.3936,0.25,1,0.68041,0.19197,0.06528,0,0.10278,0.7528,0.69286,-0.08919
0.71734,0.1,0.30811,0.25,1,0.68943,0.10169,0.07173,0,0.08841,0.81734,0.69671,-0.01328
0.79348,0.1,0.24225,0.25,1,0.6964,0.01187,0.07935,0,0.07689,0.89348,0.69734,0.06502
0.87411,0.1,0.17449,0.25,0.94107,0.68872,-0.08718,0.08741,0,0.06101,0.96821,0.68111,0.14819
0.95256,0.1,0.09512,0.25,0.82777,0.6836,-0.17629,0.09526,0,0.03624,1.03534,0.6669,0.21253
1,0.1,0.03902,0.25,0.72432,0.6675,-0.2559,0.1,0,0.01561,1.07243,0.64219,0.27151
1,0.1,-0.01295,0.25,0.65807,0.62224,-0.33673,0.1,0,-0.00518,1.06581,0.5892,0.33155
1,0.1,-0.05584,0.25,0.65421,0.57929,-0.38174,0.1,0,-0.02234,1.06542,0.54203,0.3594
1,0.1,-0.08612,0.25,0.63969,0.5328,-0.40622,0.1,0,-0.03445,1.06397,0.49328,0.37178
1,0.1,-0.10711,0.25,0.6273,0.48028,-0.41625,0.1,0,-0.04284,1.06273,0.43985,0.3734
1,0.1,-0.12246,0.25,0.61494,0.43004,-0.41208,0.1,0,-0.04898,1.06149,0.38999,0.3631
1,0.1,-0.12739,0.25,0.60453,0.38217,-0.39845,0.1,0,-0.05096,1.06045,0.34337,0.3475
1,0.1,-0.12948,0.25,0.59576,0.33912,-0.37973,0.1,0,-0.05179,1.05958,0.30206,0.32794
1,0.1,-0.12653,0.25,0.58849,0.30218,-0.34926,0.1,0,-0.05061,1.05885,0.26796,0.29864
1,0.1,-0.10741,0.25,0.58345,0.26399,-0.32709,0.1,0,-0.04297,1.05834,0.23186,0.28413
1,0.1,-0.10541,0.25,0.57899,0.23092,-0.30807,0.1,0,-0.04216,1.0579,0.20059,0.2659
1,0.1,-0.09677,0.25,0.57598,0.21451,-0.28071,0.1,0,-0.03871,1.0576,0.1868,0.242
1,0.1,-0.0715,0.25,0.57474,0.18975,-0.2619,0.1,0,-0.0286,1.05747,0.16386,0.2333
1,0.1,-0.06641,0.25,0.57357,0.16523,-0.24796,0.1,0,-0.02656,1.05736,0.14069,0.2214
1,0.1,-0.05555,0.25,0.57294,0.15277,-0.23076,0.1,0,-0.02222,1.05729,0.1299,0.20854
1,0.1,-0.03475,0.25,0.57322,0.13778,-0.22259,0.1,0,-0.0139,1.05732,0.1157,0.20869
1,0.1,-0.02907,0.25,0.57371,0.12567,-0.21578,0.1,0,-0.01163,1.05737,0.10426,0.20415
1,0.1,-0.01722,0.25,0.57444,0.12673,-0.20437,0.1,0,-0.00689,1.05744,0.10643,0.19748
1,0.1,0.00707,0.25,0.5758,0.11629,-0.20234,0.1,0,0.00283,1.05758,0.0962,0.20517
1,0.1,0.01362,0.25,0.57696,0.10792,-0.20349,0.1,0,0.00545,1.0577,0.08771,0.20894
1,0.1,0.02721,0.25,0.57806,0.10564,-0.20188,0.1,0,0.01088,1.05781,0.08558,0.21276
1,0.1,0.04482,0.25,0.57932,0.10128,-0.19953,0.1,0,0.01793,1.05793,0.08146,0.21746
1,0.1,0.06158,0.25,0.58037,0.09772,-0.19314,0.1,0,0.02463,1.05804,0.07853,0.21777
1,0.1,0.08397,0.25,0.58122,0.09675,-0.17308,0.1,0,0.03359,1.05812,0.07953,0.20667
1,0.1,0.11633,0.25,0.58175,0.09965,-0.12628,0.1,0,0.04653,1.05818,0.08705,0.17281
1,0.1,0.16528,0.25,0.58203,0.10037,-0.0476,0.1,0,0.06611,1.0582,0.09561,0.11371
1,0.1,0.22726,0.25,0.58252,0.09615,0.05114,0.1,0,0.0909,1.05825,0.10126,0.03976
1,0.1,0.29008,0.25,0.58338,0.09765,0.12037,0.1,0,0.11603,1.05834,0.10966,-0.00434
1,0.1,0.32461,0.25,0.58429,0.11984,0.00579,0.1,0,0.12984,1.05843,0.12041,0.12406
1,0.1,0.22264,0.25,0.58142,0.11259,0.02987,0.1,0,0.08906,1.05814,0.11558,0.05919
1,0.1,0.26718,0.25,0.58202,0.1061,0.07975,0.1,0,0.10687,1.0582,0.11407,0.02712
1,0.1,0.29006,0.25,0.58341,0.10173,0.09596,0.1,0,0.11603,1.05834,0.11131,0.02006
1,0.1,0.29123,0.25,0.58435,0.09845,0.01564,0.1,0,0.11649,1.05844,0.10002,0.10085
1,0.1,0.21426,0.25,0.58049,0.09548,0.0247,0.1,0,0.0857,1.05805,0.09795,0.061
1,0.1,0.24033,0.25,0.58205,0.09201,0.05797,0.1,0,0.09613,1.0582,0.09781,0.03816
1,0.1,0.24505,0.25,0.57069,0.09288,0.06848,0.1,0,0.09802,1.05707,0.09973,0.02955
1,0.1,0.23396,0.25,0.55821,0.09935,0.04066,0.1,0,0.09358,1.05582,0.10341,0.05292
1,0.1,0.20771,0.25,0.56657,0.10477,0.05615,0.1,0,0.08309,1.05666,0.11038,0.02694
1,0.1,0.2055,0.25,0.56384,0.11211,0.07454,0.1,0,0.0822,1.05638,0.11956,0.00766
1,0.1,0.1938,0.25,0.57142,0.11275,0.07839,0.1,0,0.07752,1.05714,0.12058,-0.00087
1,0.1,0.1671,0.25,0.57505,0.11984,0.05019,0.1,0,0.06684,1.0575,0.12485,0.01664
1,0.1,0.14941,0.25,0.57348,0.12966,0.05806,0.1,0,0.05976,1.05735,0.13546,0.0017
1,0.1,0.12745,0.25,0.57839,0.14019,0.06481,0.1,0,0.05098,1.05784,0.14666,-0.01383
1,0.1,0.10313,0.25,0.58183,0.14868,0.0652,0.1,0,0.04125,1.05818,0.15519,-0.02395
1,0.1,0.07962,0.25,0.58401,0.14713,0.02716,0.1,0,0.03185,1.0584,0.14985,0.00469
1,0.1,0.07991,0.25,0.58013,0.15119,0.02876,0.1,0,0.03197,1.05801,0.15407,0.0032
1,0.1,0.0185,0.25,0.58369,0.16037,0.02856,0.1,0,0.0074,1.05837,0.16322,-0.02116
1,0.1,-0.02169,0.25,0.58747,0.16327,0.02535,0.1,0,-0.00867,1.05875,0.1658,-0.03403
1,0.1,-0.05267,0.25,0.58892,0.16467,0.00659,0.1,0,-0.02107,1.05889,0.16533,-0.02766
1,0.1,-0.0919,0.25,0.58939,0.16347,-0.01731,0.1,0,-0.03676,1.05894,0.16174,-0.01945
1,0.1,-0.13167,0.25,0.58969,0.15908,-0.04417,0.1,0,-0.05267,1.05897,0.15467,-0.0085
0,0.1,0,0.25,0,0.04466,0.80135,0,0,0,0,0.04466,-0.80135
0.1,0.1,0,0.25,1,0.04466,0.80135,0.01,0,0,0.2,0.05185,-0.80135
0.1847,0.1,0.39365,0.25,1,0.05494,0.79676,0.01847,0,0.02908,0.2847,0.06815,-0.76768
0.253,0.1,0.47644,0.25,1,0.07196,0.77276,0.0253,0,0.04822,0.353,0.08962,-0.72454
0.30841,0.1,0.50806,0.25,1,0.09316,0.73442,0.03084,0,0.06268,0.40841,0.11382,-0.67174
0.35695,0.1,0.50742,0.25,1,0.11622,0.68463,0.0357,0,0.07245,0.45695,0.13879,-0.61218
0.40367,0.1,0.48773,0.25,1,0.14142,0.61015,0.04037,0,0.07875,0.50367,0.16455,-0.5314
0.45529,0.1,0.44188,0.25,1,0.164,0.5453,0.04553,0,0.08047,0.55529,0.18761,-0.46483
0.51056,0.1,0.40412,0.25,1,0.1862,0.47687,0.05106,0,0.08253,0.61056,0.20964,-0.39434
0.57155,0.1,0.35943,0.25,1,0.20751,0.40425,0.05715,0,0.08217,0.67155,0.22999,-0.32208
0.63954,0.1,0.30998,0.25,1,0.22279,0.33131,0.06395,0,0.0793,0.73954,0.24359,-0.25201
0.71521,0.1,0.25721,0.25,1,0.23188,0.22948,0.07152,0,0.07358,0.81521,0.24815,-0.15589
0.79163,0.1,0.19609,0.25,0.91882,0.24618,0.15832,0.07916,0,0.06209,0.88351,0.25866,-0.09623
0.86485,0.1,0.14884,0.25,0.82895,0.25707,0.09111,0.08649,0,0.05149,0.94775,0.26494,-0.03962
0.93433,0.1,0.10259,0.25,0.74418,0.26324,0.02506,0.09343,0,0.03834,1.00875,0.26558,0.01328
0.99894,0.1,0.05791,0.25,0.66282,0.26438,-0.0316,0.09989,0,0.02314,1.06522,0.26123,0.05474
1,0.1,0.02262,0.25,0.58664,0.24957,-0.07391,0.1,0,0.00905,1.05866,0.24219,0.08296
1,0.1,0.00138,0.25,0.59367,0.24387,-0.10411,0.1,0,0.00055,1.05937,0.23348,0.10467
1,0.1,-0.01824,0.25,0.59111,0.23218,-0.12882,0.1,0,-0.0073,1.05911,0.21934,0.12152
1,0.1,-0.03646,0.25,0.58921,0.21515,-0.15034,0.1,0,-0.01458,1.05892,0.20017,0.13576
1,0.1,-0.05084,0.25,0.58706,0.19679,-0.16372,0.1,0,-0.02033,1.05871,0.18049,0.14338
1,0.1,-0.05411,0.25,0.5854,0.17653,-0.17266,0.1,0,-0.02164,1.05854,0.15935,0.15101
1,0.1,-0.06334,0.25,0.58332,0.15886,-0.17685,0.1,0,-0.02533,1.05833,0.14127,0.15151
1,0.1,-0.06803,0.25,0.5815,0.15061,-0.17227,0.1,0,-0.02721,1.05815,0.13347,0.14506
1,0.1,-0.06187,0.25,0.58,0.13625,-0.16883,0.1,0,-0.02475,1.058,0.11944,0.14408
1,0.1,-0.06545,0.25,0.57772,0.11173,-0.13339,0.1,0,-0.02618,1.05777,0.09843,0.10721
1,0.1,-0.03778,0.25,0.57947,0.10612,-0.12351,0.1,0,-0.01511,1.05795,0.0938,0.1084
1,0.1,-0.03754,0.25,0.57771,0.09585,-0.12732,0.1,0,-0.01502,1.05777,0.08315,0.1123
1,0.1,-0.04297,0.25,0.57563,0.08665,-0.12714,0.1,0,-0.01719,1.05756,0.07397,0.10995
1,0.1,-0.03987,0.25,0.57395,0.08086,-0.08227,0.1,0,-0.01595,1.05739,0.07264,0.06632
1,0.1,-0.00083,0.25,0.57779,0.07393,-0.0858,0.1,0,-0.00033,1.05778,0.06536,0.08547
1,0.1,-0.01473,0.25,0.57485,0.06595,-0.10028,0.1,0,-0.00589,1.05749,0.05594,0.09439
1,0.1,-0.01745,0.25,0.57287,0.06533,-0.05044,0.1,0,-0.00698,1.05729,0.06028,0.04346
1,0.1,0.01455,0.25,0.57841,0.05994,-0.06035,0.1,0,0.00582,1.05784,0.0539,0.06616
1,0.1,0.00567,0.25,0.57456,0.05273,-0.08104,0.1,0,0.00227,1.05746,0.04464,0.0833
1,0.1,0.0045,0.25,0.57258,0.05004,-0.09428,0.1,0,0.0018,1.05726,0.04063,0.09608
1,0.1,0.01422,0.25,0.57241,0.05456,-0.04375,0.1,0,0.00569,1.05724,0.05018,0.04944
1,0.1,0.02001,0.25,0.5763,0.04668,-0.06545,0.1,0,0.008,1.05763,0.04014,0.07345
1,0.1,0.03089,0.25,0.57242,0.03969,-0.08338,0.1,0,0.01236,1.05724,0.03136,0.09574
1,0.1,0.04708,0.25,0.57379,0.03026,-0.09528,0.1,0,0.01883,1.05738,0.02075,0.11411
1,0.1,0.06528,0.25,0.57589,0.04111,-0.06118,0.1,0,0.02611,1.05759,0.035,0.08729
1,0.1,0.03509,0.25,0.57289,0.02999,-0.08813,0.1,0,0.01403,1.05729,0.02118,0.10217
1,0.1,0.09251,0.25,0.57659,0.0132,-0.1081,0.1,0,0.037,1.05766,0.00241,0.1451
1,0.1,0.13077,0.25,0.58151,0.00521,-0.08044,0.1,0,0.05231,1.05815,-0.00282,0.13275
1,0.1,0.16978,0.25,0.58202,0.00056,-0.05066,0.1,0,0.06791,1.0582,-0.00451,0.11858
1,0.1,0.21008,0.25,0.58322,-0.00081,-0.01922,0.1,0,0.08403,1.05832,-0.00273,0.10325
1,0.1,0.25191,0.25,0.58448,0.00104,0.0143,0.1,0,0.10076,1.05845,0.00247,0.08646
